date,session,day,plot,nets_opened,nets_closed,participants ,scribe,measurer,cap_time,bird_species,sample,total_mass,tarsus_mm,bill_length_mm,bill_width_mm,bill_depth_mm,bag_mass,mass,feather_marked,wing_length_mm,wing_length_sec_mm,feces_collected,feather_collected,recapture,frugivorous,sample_remaining,notes,,,,,,,,
27-Jul-2022,0,1,64,07:30,11:00,"CIM, GGC, AFB",CIM,GGC,08:30,Arremon flavirostris,001,62,NA,NA,NA,NA,33,29,NA,NA,NA,y,NA,0,1,0,escaped,,,,,,,,
27-Jul-2022,0,1,64,07:30,11:00,"CIM, GGC, AFB",CIM,GGC,08:30,Myiothlypis flaveola,002,47,24.24,11.90,4.52,3.77,33,14,NA,NA,NA,y,NA,0,0,1,,,,,,,,,
27-Jul-2022,0,1,64,07:30,11:00,"CIM, GGC, AFB",CIM,GGC,08:30,Arremon flavirostris,003,61,26.56,15.42,5.68,7.82,44,17,NA,NA,NA,y,NA,0,1,0,,,,,,,,,
27-Jul-2022,0,1,64,07:30,11:00,"CIM, GGC, AFB",CIM,GGC,10:30,Arremon flavirostris,004,65,25.65,16.06,5.79,8.30,44,21,NA,NA,NA,y,NA,0,1,0,,,,,,,,,
27-Jul-2022,0,1,64,07:30,11:00,"CIM, GGC, AFB",CIM,GGC,10:30,Basileuterus culicivorus,005,42,17.44,8.86,3.63,3.27,33,9,NA,NA,NA,y,NA,0,0,1,,,,,,,,,
27-Jul-2022,0,1,64,07:30,11:00,"CIM, GGC, AFB",CIM,GGC,10:30,Myiothlypis flaveola,006,45,22.41,12.61,4.55,3.96,33,12,NA,NA,NA,y,NA,0,0,1,,,,,,,,,
27-Jul-2022,0,1,64,07:30,11:00,"CIM, GGC, AFB",CIM,GGC,11:00,Taraba major,007,81,34.64,24.72,7.08,9.37,33,48,NA,NA,NA,y,NA,0,1,1,female,,,,,,,,
5-Aug-2022,1,2,56,06:50,11:00,"CIM, GGC, RT, RS, DH",CIM,GGC,07:20,Eucometis penicillata,008,70,19.05,15.55,7.54,7.49,43,27,NA,NA,NA,y,NA,0,1,0,,,,,,,,,
5-Aug-2022,1,2,56,06:50,11:00,"CIM, GGC, RT, RS, DH",CIM,GGC,08:20,Baryphthengus ruficapillus,009,200,31.72,39.23,10.89,13.46,43,157,NA,NA,NA,y,NA,0,1,1,"collected two feces samples, one from the bag (9) and one from a leaf on the ground (9*)",,,,,,,,
9-Aug-2022,1,3,22,06:45,11:30,"CIM, GGC, RT, RS, DH",CIM,GGC,07:15,Basileuterus culicivorus,010,56,21.86,10.87,3.94,3.76,43,13,NA,64,NA,n,NA,0,0,0,,,,,,,,,
9-Aug-2022,1,3,22,06:45,11:30,"CIM, GGC, RT, RS, DH",CIM,GGC,07:15,Myiothlypis flaveola,011,56,22.65,12.26,4.17,3.41,43,13,NA,63,NA,n,NA,0,0,0,,,,,,,,,
9-Aug-2022,1,3,22,06:45,11:30,"CIM, GGC, RT, RS, DH",CIM,GGC,07:20,Trichothraupis melanops,012,66.5,19.91,12.41,5.51,5.42,43,23.5,NA,78,NA,y,NA,0,1,1,,,,,,,,,
9-Aug-2022,1,3,22,06:45,11:30,"CIM, GGC, RT, RS, DH",RT,GGC,07:50,Platyrinchus mystaceus,013,49,17.08,9.51,6.77,3.03,33,16,NA,55,NA,y,NA,0,0,1,weight does not make sense?,,,,,,,,
9-Aug-2022,1,3,22,06:45,11:30,"CIM, GGC, RT, RS, DH",RT,GGC,07:50,Sittasomus griseicapillus,014,57,18.80,12.87,3.60,3.16,43,14,NA,80,NA,n,NA,0,0,0,,,,,,,,,
9-Aug-2022,1,3,22,06:45,11:30,"CIM, GGC, RT, RS, DH",RT,GGC,07:50,Cnemotriccus fuscatus,015,59,17.85,11.93,5.79,3.84,43,16,NA,67,NA,y,NA,0,1,0,,,,,,,,,
9-Aug-2022,1,3,22,06:45,11:30,"CIM, GGC, RT, RS, DH",CIM,GGC,09:50,Turdus leucomelas,016,120,33.28,20.97,6.43,5.05,43,77,NA,126,NA,y,NA,0,1,0,feces mostly just urea,,,,,,,,
9-Aug-2022,1,3,22,06:45,11:30,"CIM, GGC, RT, RS, DH",DH,GGC,10:50,Basileuterus culicivorus,017,52,18.89,9.74,3.79,3.26,43,9,NA,58,NA,y,NA,0,0,1,,,,,,,,,
9-Aug-2022,1,3,22,06:45,11:30,"CIM, GGC, RT, RS, DH",DH,GGC,10:50,Platyrinchus mystaceus,018,53.5,17.17,8.30,6.73,2.82,43,10.5,NA,54,NA,y,NA,0,0,1,,,,,,,,,
9-Aug-2022,1,3,22,06:45,11:30,"CIM, GGC, RT, RS, DH",DH,GGC,10:50,Thamnophilus caerulescens,019,61.5,22.81,14.53,4.65,5.91,43,18.5,NA,68,NA,y,NA,0,1,1,pair,,,,,,,,
9-Aug-2022,1,3,22,06:45,11:30,"CIM, GGC, RT, RS, DH",DH,GGC,10:50,Thamnophilus caerulescens,020,65,23.95,15.74,5.47,5.71,43,22,NA,73,NA,y,NA,0,1,1,pair,,,,,,,,
9-Aug-2022,1,3,22,06:45,11:30,"CIM, GGC, RT, RS, DH",DH,GGC,10:50,Myiothlypis flaveola,021,46,23.07,11.67,4.13,3.40,33,13,NA,64,NA,y,NA,0,0,0,,,,,,,,,
9-Aug-2022,1,3,22,06:45,11:30,"CIM, GGC, RT, RS, DH",DH,GGC,10:50,Sittasomus griseicapillus,022,46.5,19.32,11.85,3.63,3.19,33,13.5,NA,77,NA,y,NA,0,0,0,,,,,,,,,
10-Aug-2022,1,4,88,07:20,11:00,"CIM, GGC, RT, DH",DH,GGC,07:40,Myiothlypis flaveola,023,56,23.40,10.29,3.83,3.29,43,13,RP1,64,NA,y,NA,0,0,1,,,,,,,,,
10-Aug-2022,1,4,88,07:20,11:00,"CIM, GGC, RT, DH",DH,GGC,07:40,Myiothlypis flaveola,024,56.5,22.79,11.04,4.07,3.67,43,13.5,RP2,69,NA,y,NA,0,0,1,,,,,,,,,
10-Aug-2022,1,4,88,07:20,11:00,"CIM, GGC, RT, DH",DH,GGC,07:40,Cnemotriccus fuscatus,025,55.5,18.42,13.88,5.07,3.83,43,12.5,RP1,66,NA,y,NA,0,1,0,,,,,,,,,
10-Aug-2022,1,4,88,07:20,11:00,"CIM, GGC, RT, DH",DH,GGC,07:40,Asemospiza fuliginosa,026,56.5,15.48,10.75,4.16,6.62,43,13.5,RP1,60,NA,y,NA,0,1,1,max bill width 5.36,,,,,,,,
10-Aug-2022,1,4,88,07:20,11:00,"CIM, GGC, RT, DH",CIM,GGC,10:30,Turdus leucomelas,027,130,31.91,18.74,5.96,6.51,43,87,RP2,119,NA,y,NA,0,1,0,"very heavy, weight likely wrong",,,,,,,,
10-Aug-2022,1,4,88,07:20,11:00,"CIM, GGC, RT, DH",CIM,GGC,11:00,Turdus leucomelas,028,170,31.20,19.60,4.93,5.98,43,127,RP3,118,NA,y,NA,0,1,1,"very heavy, weight likely wrong",,,,,,,,
11-Aug-2022,1,5,90,08:00,11:30,"CIM, GGC",CIM,GGC,08:30,Thlypopsis sordida,029,56,19.76,12.07,4.09,4.13,43,13,RP1,62,NA,y,NA,0,1,0,,,,,,,,,
11-Aug-2022,1,5,90,08:00,11:30,"CIM, GGC",CIM,GGC,08:30,Tolmomyias sulphurescens,030,56.5,16.60,11.87,5.76,3.96,43,13.5,RP1,68,NA,y,NA,0,1,1,,,,,,,,,
11-Aug-2022,1,5,90,08:00,11:30,"CIM, GGC",CIM,GGC,08:30,Arremon flavirostris,031,70.5,25.17,14.58,5.46,7.72,43,27.5,RP1,79,NA,n,NA,0,1,,,,,,,,,,
11-Aug-2022,1,5,90,08:00,11:30,"CIM, GGC",CIM,GGC,09:30,Thamnophilus doliatus,032,68.5,24.14,14.94,5.81,6.26,43,25.5,RP1,80,NA,y,NA,0,1,1,,,,,,,,,
23-Aug-2022,1,6,20,07:15,11:20,"CIM, GGC, RT, VMG",VMG,GGC,07:40,Platyrinchus mystaceus,033,52,17.32,9.03,7.11,2.87,43,9,RP1,52,NA,y,NA,0,0,1,,,,,,,,,
23-Aug-2022,1,6,20,07:15,11:20,"CIM, GGC, RT, VMG",VMG,GGC,07:40,Arremon flavirostris,034,63,NA,NA,NA,NA,43,20,NA,NA,NA,y,NA,0,1,0,,,,,,,,,
23-Aug-2022,1,6,20,07:15,11:20,"CIM, GGC, RT, VMG",VMG,GGC,07:40,Conopophaga lineata,035,61,30.99,11.83,5.31,3.80,43,18,RP1,69,NA,y,NA,0,0,1,,,,,,,,,
23-Aug-2022,1,6,20,07:15,11:20,"CIM, GGC, RT, VMG",CIM,GGC,07:40,Sittasomus griseicapillus,036,55.5,19.93,11.63,3.72,3.27,43,12.5,RP1,79,NA,n,NA,0,0,,,,,,,,,,
23-Aug-2022,1,6,20,07:15,11:20,"CIM, GGC, RT, VMG",CIM,GGC,09:40,Myiothlypis flaveola,037,56.5,22.72,11.06,3.92,3.53,43,13.5,RP1,65,NA,y,NA,0,0,1,,,,,,,,,
23-Aug-2022,1,6,20,07:15,11:20,"CIM, GGC, RT, VMG",CIM,GGC,10:40,Sittasomus griseicapillus,038,54,16.92,10.00,3.74,2.97,43,11,RP2,67,NA,y,NA,0,0,1,,,,,,,,,
23-Aug-2022,1,6,20,07:15,11:20,"CIM, GGC, RT, VMG",CIM,GGC,10:40,Basileuterus culicivorus,039,51.5,18.41,8.73,3.75,3.00,43,8.5,RP1,51,NA,y,NA,0,0,1,,,,,,,,,
24-Aug-2022,1,7,64,07:15,11:15,"CIM, GGC, RT",CIM,GGC,07:45,Eucometis penicillata,040,55,22.05,15.94,6.95,7.82,26,29,RP1,89,NA,y,NA,0,1,0,,,,,,,,,
24-Aug-2022,1,7,64,07:15,11:15,"CIM, GGC, RT",CIM,GGC,07:45,Arremon flavirostris,041,53,25.73,14.63,6.07,7.60,26,27,RP1,78,NA,y,NA,0,1,0,,,,,,,,,
24-Aug-2022,1,7,64,07:15,11:15,"CIM, GGC, RT",CIM,GGC,07:45,Myiothlypis flaveola,042,57,23.79,11.57,4.75,3.65,26,31,RP1,65,NA,y,NA,0,0,1,,,,,,,,,
24-Aug-2022,1,7,64,07:15,11:15,"CIM, GGC, RT",CIM,GGC,07:45,Cnemotriccus fuscatus,043,56,16,11.46,5.31,3.77,26,30,RP1,66,NA,y,NA,0,1,0,,,,,,,,,
26-Aug-2022,1,8,84,08:00,12:00,"CIM, GGC, RT, VMG",VMG,GGC,08:30,Troglodytes musculus,044,38,17.63,12.16,3.06,2.97,26,12,RP1,51,NA,y,NA,0,0,1,,,,,,,,,
26-Aug-2022,1,8,84,08:00,12:00,"CIM, GGC, RT, VMG",VMG,GGC,08:30,Myiothlypis flaveola,045,38.5,21.86,12.05,4.51,3.39,26,12.5,RP3,60,NA,y,NA,0,0,1,,,,,,,,,
26-Aug-2022,1,8,84,08:00,12:00,"CIM, GGC, RT, VMG",VMG,GGC,09:30,Taraba major,046,83,38.81,25.12,6.10,9.69,26,57,RP1,93,NA,y,NA,0,1,1,male,,,,,,,,
26-Aug-2022,1,8,84,08:00,12:00,"CIM, GGC, RT, VMG",VMG,GGC,09:30,Geothlypis aequinoctialis,047,38.5,21.32,10.14,3.38,3.02,26,12.5,RP1,88,NA,y,NA,0,0,1,"male, 8.21 mm bill above, 13.06 mm bill below",,,,,,,,
26-Aug-2022,1,8,84,08:00,12:00,"CIM, GGC, RT, VMG",VMG,GGC,09:30,Myiarchus ferox,048,54,21.94,17.65,9.29,6.41,26,28,RP1,88,NA,y,NA,0,1,0,feces collected from leaf,,,,,,,,
26-Aug-2022,1,8,84,08:00,12:00,"CIM, GGC, RT, VMG",VMG,GGC,10:10,Eucometis penicillata,049,53.5,21.39,14.60,7.23,7.43,26,27.5,RP1,89,NA,y,NA,0,1,0,,,,,,,,,
26-Aug-2022,1,8,84,08:00,12:00,"CIM, GGC, RT, VMG",VMG,GGC,10:10,Nemosia pileata,050,NA,NA,NA,NA,NA,NA,NA,NA,NA,NA,y,NA,0,1,0,escaped,,,,,,,,
26-Aug-2022,1,8,84,08:00,12:00,"CIM, GGC, RT, VMG",VMG,GGC,10:45,Coryphospingus cucullatus,051,41.5,18.12,10.98,4.77,6.04,26,15.5,NA,164,NA,y,NA,0,1,1,"wing size does not make sense, maybe 6.4? Male, with casearia seeds, two tubes, * collected from ground",,,,,,,,
26-Aug-2022,1,8,84,08:00,12:00,"CIM, GGC, RT, VMG",VMG,GGC,11:20,Eucometis penicillata,052,52.5,20.60,14.30,7.54,7.30,26,26.5,RP2,88.5,NA,y,NA,0,1,0,,,,,,,,,
30-Aug-2022,2,9,206,07:00,11:00,"CIM, GGC, RT",CIM,GGC,07:30,Turdus leucomelas,053,93,29.83,19.24,5.25,6.10,26,67,RP2,116,NA,y,NA,0,1,0,,,,,,,,,
31-Aug-2022,1,10,87,07:00,11:00,"CIM, GGC, RT",CIM,GGC,07:30,Myiothlypis flaveola,054,37.5,21.62,11.61,4.33,3.44,26,11.5,RP4,63,NA,y,NA,0,0,1,,,,,,,,,
31-Aug-2022,1,10,87,07:00,11:00,"CIM, GGC, RT",CIM,GGC,07:30,Clibanornis rectirostris,055,72,27.02,22.90,5.23,6.31,26,46,RP1,88,NA,y,NA,0,0,1,,,,,,,,,
31-Aug-2022,1,10,87,07:00,11:00,"CIM, GGC, RT",CIM,GGC,07:30,Platyrinchus mystaceus,056,35.5,16.88,9.88,7.07,2.80,26,9.5,RP1,57,NA,y,NA,0,0,1,,,,,,,,,
31-Aug-2022,1,10,87,07:00,11:00,"CIM, GGC, RT",RT,GGC,08:10,Stilpnia cayana,057,46,17.74,10.57,5.46,5.40,26,20,RP1,76,NA,y,NA,0,1,0,,,,,,,,,
31-Aug-2022,1,10,87,07:00,11:00,"CIM, GGC, RT",RT,GGC,08:10,Myiothlypis flaveola,058,39,22.74,10.51,3.85,3.64,26,13,RP2,69,NA,y,NA,1,0,1,recapture,,,,,,,,
31-Aug-2022,1,10,87,07:00,11:00,"CIM, GGC, RT",RT,GGC,09:00,Myiothlypis flaveola,059,39.5,22.76,11.64,4.48,3.57,26,13.5,RP5,66,NA,y,NA,0,0,1,,,,,,,,,
31-Aug-2022,1,10,87,07:00,11:00,"CIM, GGC, RT",RT,GGC,09:30,Taraba major,060,81,36.01,24.6,6.60,9.58,26,55,RP1,97,NA,y,NA,0,1,1,,,,,,,,,
31-Aug-2022,1,10,87,07:00,11:00,"CIM, GGC, RT",RT,GGC,10:00,Lepidocolaptes angustirostris,061,54.5,NA,NA,NA,NA,26,28.5,NA,NA,NA,y,NA,0,0,1,escaped,,,,,,,,
31-Aug-2022,1,10,87,07:00,11:00,"CIM, GGC, RT",RT,GGC,11:00,Lepidocolaptes angustirostris,062,55.5,20.42,29.99,3.71,5.03,26,29.5,RP1,100,NA,y,NA,0,0,1,mostly urea,,,,,,,,
31-Aug-2022,1,10,87,07:00,11:00,"CIM, GGC, RT",RT,GGC,11:00,Myiarchus ferox,063,51,20.94,15.28,7.67,5.35,26,25,RP1,86,NA,y,NA,0,1,0,,,,,,,,,
1-Sep-2022,1,11,207,07:05,11:00,"CIM, GGC, RT",CIM,GGC,07:30,Manacus manacus,064,42,20.47,9.21,4.22,3.56,26,16,RP1,53,NA,y,NA,0,1,0,"female manakin, melastomaceae seeds and fruit in feces",,,,,,,,
1-Sep-2022,1,11,207,07:05,11:00,"CIM, GGC, RT",CIM,GGC,07:30,Chiroxiphia galeata,065,48.5,18.48,7.29,4.35,4.19,26,22.5,RP1,81,NA,y,NA,0,1,1,samples stored in Carina's freezer over the weekend,,,,,,,,
1-Sep-2022,1,11,207,07:05,11:00,"CIM, GGC, RT",RT,GGC,08:15,Myiothlypis flaveola,066,40,23.78,11.20,4.30,3.88,26,14,RP1,65,NA,y,NA,0,0,1,,,,,,,,,
1-Sep-2022,1,11,207,07:05,11:00,"CIM, GGC, RT",CIM,GGC,09:50,Leptopogon amaurocephalus,067,37.5,14.71,11.37,3.89,3.72,26,11.5,RP1,63,NA,y,NA,0,1,0,,,,,,,,,
1-Sep-2022,1,11,207,07:05,11:00,"CIM, GGC, RT",CIM,GGC,10:35,Turdus rufiventris,068,100,32.90,15.68,2.50,3.04,26,74,RP1,124,NA,y,NA,0,1,1,,,,,,,,,
1-Sep-2022,1,11,207,07:05,11:00,"CIM, GGC, RT",RT,GGC,10:35,Conopophaga lineata,069,47,26.76,7.22,1.47,0.17,26,21,RP1,68,NA,n,NA,0,0,,"bill size looks wrong (depth), very little feces",,,,,,,,
7-Sep-2022,2,12,56,06:30,07:30,"CIM, GGC, RT, ML",CIM,GGC,7:30,Tachyphonus coronatus,070,28.3,19.78,14.23,6.21,6.75,4.1,24.2,RP1,82,NA,y,y,0,1,0,"raining, male",,,,,,,,
9-Sep-2022,2,13,22,06:05,11:20,"CIM, GGC, RT, JB",CIM,GGC,06:35,Myiothlypis flaveola,071,17.1,22.92,11.33,4.69,3.70,3.7,13.4,RP1,69,NA,n,y,0,0,,,,,,,,,,
9-Sep-2022,2,13,22,06:05,11:20,"CIM, GGC, RT, JB",CIM,GGC,10:20,Myiothlypis flaveola,072,13.9,24.62,11.71,4.28,3.68,0,13.9,RP2,69,NA,y,y,0,0,1,,,,,,,,,
13-Sep-2022,2,14,56,06:42,11:20,"CIM, GGC, RT, JB",RT,GGC,08:20,Turdus leucomelas,073,59.4,32.62,19.12,5.19,6.16,0,59.4,RP1,119,NA,y,y,0,1,0,,,,,,,,,
16-Sep-2022,2,15,90,06:40,11:20,"CIM, GGC, IF",IF,GGC,08:20,Myiothlypis flaveola,074,73.9,22.84,10.18,4.06,3.34,0,73.9,RP6,62,NA,y,y,0,0,1,,,,,,,,,
16-Sep-2022,2,15,90,06:40,11:20,"CIM, GGC, IF",CIM,GGC,08:20,Leptopogon amaurocephalus,075,11.4,16.16,11.40,4.31,3.57,0,11.4,RP1,61,NA,y,n,0,1,0,,,,,,,,,
20-Sep-2022,2,16,64,06:22,11:20,"CIM, GGC, VMG, GA",CIM,-,06:50,Basileuterus culicivorus,076,NA,NA,NA,NA,NA,NA,NA,NA,NA,NA,y,n,0,0,1,escaped,,,,,,,,
20-Sep-2022,2,16,64,06:22,11:20,"CIM, GGC, VMG, GA",VGM,GGC,06:50,Troglodytes musculus,077,7.8,17.80,12.88,3.06,2.76,0,7.8,RP1,50,NA,y,y,0,0,1,,,,,,,,,
20-Sep-2022,2,16,64,06:22,11:20,"CIM, GGC, VMG, GA",VGM,GGC,06:50,Coryphospingus cucullatus,078,15.1,17.91,10.04,4.46,5.69,0,15.1,RP1,63,NA,y,y,0,1,1,casearia in the feces,,,,,,,,
20-Sep-2022,2,16,64,06:22,11:20,"CIM, GGC, VMG, GA",VGM,GGC,06:50,Myiothlypis flaveola,079,14,23.53,11.61,4.53,3.52,0,14,RP1,66,NA,y,y,1,0,1,recapture,,,,,,,,
21-Sep-2022,2,17,20,06:15,11:15,"CIM, GGC",CIM,GGC,06:50,Conopophaga lineata,080,23.8,31.23,10.16,5.48,3.67,4.1,19.7,RP1,69,NA,y,y,1,0,1,"recapture, very little material ",,,,,,,,
21-Sep-2022,2,17,20,06:15,11:15,"CIM, GGC",CIM,GGC,06:50,Coryphospingus cucullatus,081,18.1,18.71,9.95,4.03,5.56,0,18.1,RP1,62,NA,y,y,0,1,1,,,,,,,,,
21-Sep-2022,2,17,20,06:15,11:15,"CIM, GGC",CIM,GGC,06:50,Cnemotriccus fuscatus,082,17,17.65,11.37,5.40,3.82,3.9,13.1,RP1,70,NA,y,y,0,1,0,,,,,,,,,
21-Sep-2022,2,17,20,06:15,11:15,"CIM, GGC",CIM,GGC,07:30,Platyrinchus mystaceus,083,12.6,17.77,9.11,7.19,2.74,0,12.6,RP1,55,NA,y,y,1,0,1,"recapture, little material",,,,,,,,
21-Sep-2022,2,17,20,06:15,11:15,"CIM, GGC",CIM,GGC,07:30,Eucometis penicillata,084,NA,21.22,13.51,6.58,7.12,0,NA,RP3,87,NA,y,y,0,1,0,"escaped before weight, casearia?",,,,,,,,
21-Sep-2022,2,17,20,06:15,11:15,"CIM, GGC",CIM,GGC,07:30,Myiothlypis flaveola,085,17.4,23.01,NA,NA,NA,3.9,13.5,RP1,NA,NA,y,y,1,0,1,recapture,,,,,,,,
21-Sep-2022,2,17,20,06:15,11:15,"CIM, GGC",CIM,GGC,07:30,Basileuterus culicivorus,086,9.4,18.85,9.43,3.64,3.31,0,9.4,RP2,59,NA,y,y,0,0,1,recaptured at 9:50 on the same day,,,,,,,,
21-Sep-2022,2,17,20,06:15,11:15,"CIM, GGC",CIM,GGC,08:20,Chiroxiphia galeata,087,24.5,19.43,8.33,4.73,4.15,4.1,20.4,RP1,76,NA,y,y,0,1,0,female,,,,,,,,
21-Sep-2022,2,17,20,06:15,11:15,"CIM, GGC",CIM,GGC,08:20,Chiroxiphia galeata,088,28.8,20.21,7.41,4.49,4.16,0,28.8,NA,76,NA,y,y,0,1,0,"not marked on the wing, male",,,,,,,,
21-Sep-2022,2,17,20,06:15,11:15,"CIM, GGC",CIM,GGC,08:20,Thamnophilus caerulescens,089,17,22.83,14.89,4.25,5.20,0,17,RP1,64,NA,y,y,0,1,1,female,,,,,,,,
21-Sep-2022,2,17,20,06:15,11:15,"CIM, GGC",CIM,GGC,08:50,Thamnophilus caerulescens,090,18.4,22.72,13.02,5.19,5.55,0,18.4,RP1,70,NA,y,y,0,1,1,male,,,,,,,,
21-Sep-2022,2,17,20,06:15,11:15,"CIM, GGC",CIM,GGC,09:20,Thamnophilus caerulescens,091,20.1,23.38,13.29,4.6,5.62,0,20.1,RP2,69,NA,y,y,0,1,1,female,,,,,,,,
23-Sep-2022,2,18,88,06:20,11:20,"CIM, GGC",GGC,GGC,07:30,Myiothlypis flaveola,092,12.1,22.20,10.97,4.05,3.55,0,12.1,RP7,62,NA,y,y,0,0,1,,,,,,,,,
23-Sep-2022,2,18,88,06:20,11:20,"CIM, GGC",GGC,GGC,10:20,Thraupis sayaca,093,32.2,20.20,12.16,6.99,6.57,0,32.2,RP1,88,NA,y,y,0,1,0,093* was collected from the sheet,,,,,,,,
23-Sep-2022,2,18,88,06:20,11:20,"CIM, GGC",GGC,GGC,10:20,Leptopogon amaurocephalus,094,12.4,15.45,11.13,4.15,3.73,0,12.4,RP2,61,NA,y,y,0,1,0,little material ,,,,,,,,
30-Sep-2022,2,19,84,06:00,11:00,"CIM, GGC",CIM,GGC,06:30,Myiothlypis flaveola,095,NA,22.43,9.82,4.21,3.45,NA,NA,NA,NA,NA,y,n,0,0,1,escaped,,,,,,,,
30-Sep-2022,2,19,84,06:00,11:00,"CIM, GGC",CIM,GGC,07:10,Myiothlypis flaveola,096,13.3,22.2,11.57,4.32,3.41,0,13.3,RP8,60,NA,y,y,0,0,1,,,,,,,,,
30-Sep-2022,2,19,84,06:00,11:00,"CIM, GGC",CIM,GGC,11:00,Myiothlypis flaveola,097,12.7,22.15,9.81,4.66,3.45,0,12.7,NA,65,NA,y,y,0,0,1,not marked,,,,,,,,
4-Oct-2022,2,20,87,06:05,11:05,"CIM, GGC",GGC,GGC,06:45,Euphonia violacea,098,15.5,15.64,9.25,6.01,5.56,0,15.5,RP1,62,NA,y,y,0,1,1,"female, sample from the sheet 098*",,,,,,,,
4-Oct-2022,2,20,87,06:05,11:05,"CIM, GGC",GGC,GGC,07:25,Arremon flavirostris,099,28.6,26.54,13.50,6.21,7.68,0,28.6,RP2,81,NA,y,n,0,1,0,,,,,,,,,
4-Oct-2022,2,20,87,06:05,11:05,"CIM, GGC",GGC,GGC,07:25,Myiothlypis flaveola,100,12.6,22.24,10.95,4.37,3.43,0,12.6,RP9,65,NA,y,y,0,0,1,,,,,,,,,
4-Oct-2022,2,20,87,06:05,11:05,"CIM, GGC",CIM,GGC,08:00,Cnemotriccus fuscatus,101,12.9,16.51,13.07,5.76,3.76,0,12.9,RP2,69,NA,y,y,0,1,0,,,,,,,,,
4-Oct-2022,2,20,87,06:05,11:05,"CIM, GGC",CIM,GGC,09:15,Myiothlypis flaveola,102,17.7,22.07,10.93,4.10,3.39,0,17.7,RP10,62,NA,y,y,0,0,1,,,,,,,,,
4-Oct-2022,2,20,87,06:05,11:05,"CIM, GGC",CIM,GGC,09:50,Tachyphonus coronatus,103,26.7,21.83,14.92,6.03,6.96,0,26.7,RP1,79,NA,y,y,0,1,0,"female, spp updated on 29/august/2024",,,,,,,,
4-Oct-2022,2,20,87,06:05,11:05,"CIM, GGC",CIM,GGC,10:20,Myiodynastes maculatus,104,42.4,20.36,21.77,10.52,7.82,0,42.4,RP1,106,NA,y,y,0,1,0,migrant,,,,,,,,
5-Oct-2022,2,21,207,05:55,11:00,"CIM, GGC, FO, AJR",CIM,GGC,06:25,Myiothlypis flaveola,105,13.1,23.18,10.38,4.70,3.53,0,13.1,RP2,63,NA,y,y,0,0,1,"recaptured at 8:15, fezes added to same tube",,,,,,,,
5-Oct-2022,2,21,207,05:55,11:00,"CIM, GGC, FO, AJR",AJR,GGC,06:25,Basileuterus culicivorus,106,9.4,19.39,9.37,3.87,3.32,0,9.4,RP1,55,NA,y,y,0,0,1,,,,,,,,,
5-Oct-2022,2,21,207,05:55,11:00,"CIM, GGC, FO, AJR",AJR,GGC,06:25,Lathrotriccus euleri,107,10.3,13.99,11.16,5.56,3.50,0,10.3,RP1,68,NA,y,y,0,1,0,,,,,,,,,
5-Oct-2022,2,21,207,05:55,11:00,"CIM, GGC, FO, AJR",FO,GGC,07:30,Cnemotriccus fuscatus,108,13.6,17.51,12.10,5.29,3.79,0,13.6,RP1,60,NA,y,y,0,1,0,,,,,,,,,
5-Oct-2022,2,21,207,05:55,11:00,"CIM, GGC, FO, AJR",AJR,GGC,08:15,Ramphocelus carbo,109,27.4,21.48,15.14,7.03,7.29,0,27.4,RP1,85,NA,y,y,0,1,0,"male, 109* collected from sheet",,,,,,,,
5-Oct-2022,2,21,207,05:55,11:00,"CIM, GGC, FO, AJR",FO,GGC,08:15,Ramphocelus carbo,110,NA,23.16,16.62,7.42,7.35,0,NA,RP1,79,NA,y,y,0,1,0,"female, escaped",,,,,,,,
5-Oct-2022,2,21,207,05:55,11:00,"CIM, GGC, FO, AJR",AJR,GGC,11:00,Platyrinchus mystaceus,111,8.9,17.12,9.19,6.57,3.8,0,8.9,RP1,51,NA,y,y,0,0,1,,,,,,,,,
6-Oct-2022,3,22,206,05:55,11:00,"CIM, GGC",CIM,GGC,07:00,Nyctidromus albicollis,112,95.7,30.48,10.74,5.93,3.84,0,95.7,RP1,170.5,NA,n,n,0,0,,"male, 36.78 mm mouth opening, weight likely wrong ",,,,,,,,
6-Oct-2022,3,22,206,05:55,11:00,"CIM, GGC",CIM,GGC,07:30,Chiroxiphia galeata,113,21,19.91,7.44,4.57,4.03,0,21,RP1,75,NA,y,y,0,1,0,"female, 113* collected from sheet",,,,,,,,
6-Oct-2022,3,22,206,05:55,11:00,"CIM, GGC",CIM,GGC,08:40,Myiothlypis flaveola,114,14.3,22.02,11.30,4.73,3.50,0,14.3,RP1,61,NA,y,y,0,0,1,114* collected from the sheet,,,,,,,,
6-Oct-2022,3,22,206,05:55,11:00,"CIM, GGC",CIM,GGC,08:40,Myiothlypis flaveola,115,14,22.80,11.62,4.11,3.44,0,14,RP2,62,NA,y,y,0,0,1,115* collected from sheet ,,,,,,,,
6-Oct-2022,3,22,206,05:55,11:00,"CIM, GGC",CIM,GGC,10:30,Conirostrum speciosum,116,9.6,15.58,9.63,3.44,3.53,0,9.6,RP1,54,NA,y,y,0,1,1,female,,,,,,,,
6-Oct-2022,3,22,206,05:55,11:00,"CIM, GGC",CIM,GGC,10:30,Basileuterus culicivorus,117,11.3,18.06,9.61,3.90,3.06,0,11.3,RP1,52,NA,y,y,0,0,1,,,,,,,,,
11-Oct-2022,3,23,22,05:50,11:00,"CIM, GGC, VMG, LNQ",CIM,GGC,06:20,Leptopogon amaurocephalus,118,12.1,15.45,12.65,3.96,3.66,0,12.1,RP1,66,NA,n,y,0,1,,"pair, tube not autoclaved",,,,,,,,
11-Oct-2022,3,23,22,05:50,11:00,"CIM, GGC, VMG, LNQ",CIM,GGC,06:20,Leptopogon amaurocephalus,119,11.6,16.34,11.58,3.72,3.37,0,11.6,RP2,64,NA,n,y,0,1,,"pair, tube not autoclaved",,,,,,,,
11-Oct-2022,3,23,22,05:50,11:00,"CIM, GGC, VMG, LNQ",CIM,GGC,06:50,Turdus leucomelas,120,68.9,32.94,19.31,5.42,5.91,0,68.9,RP1,110,NA,y,y,0,1,0,"just a little bit of poop juice, tube not autoclaved",,,,,,,,
11-Oct-2022,3,23,22,05:50,11:00,"CIM, GGC, VMG, LNQ",CIM,GGC,07:20,Platyrinchus mystaceus,121,9.2,17.31,8.05,6.81,2.84,0,9.2,RP2,55,NA,n,y,0,0,,already marked? tube not autoclaved,,,,,,,,
11-Oct-2022,3,23,22,05:50,11:00,"CIM, GGC, VMG, LNQ",LNQ,GGC,07:50,Eucometis penicillata,122,28.2,22.05,16.31,6.46,7.24,0,28.2,RP1,86,NA,y,y,0,1,0,tube not autoclaved,,,,,,,,
11-Oct-2022,3,23,22,05:50,11:00,"CIM, GGC, VMG, LNQ",VMG,GGC,08:40,Myiothlypis flaveola,123,15.8,NA,NA,NA,NA,0,15.8,RP2,NA,NA,y,y,1,0,1,"recap, tube not autoclaved",,,,,,,,
11-Oct-2022,3,23,22,05:50,11:00,"CIM, GGC, VMG, LNQ",CIM,GGC,09:20,Sittasomus griseicapillus,124,12.9,17.16,11.24,3.36,3.15,0,12.9,NA,75,NA,n,y,0,0,,not marked,,,,,,,,
11-Oct-2022,3,23,22,05:50,11:00,"CIM, GGC, VMG, LNQ",LNQ,GGC,09:50,Cnemotriccus fuscatus,125,11.4,15.82,12.25,6.07,3.59,0,11.4,RP1,68,NA,y,y,0,1,0,,,,,,,,,
12-Oct-2022,3,24,56,05:50,11:00,"CIM, GGC, FO",FO,GGC,06:20,Leptotila verreauxi,126,171.2,34.76,15.98,3.32,4.32,0,171.2,RP1,142,NA,y,y,0,1,1,,,,,,,,,
12-Oct-2022,3,24,56,05:50,11:00,"CIM, GGC, FO",FO,GGC,06:20,Eucometis penicillata,127,28.3,20.97,14.44,6.72,6.96,0,28.3,RP1,86,NA,y,y,0,1,0,,,,,,,,,
13-Oct-2022,3,25,90,06:00,11:00,"CIM, GGC, IG",IG,GGC,06:30,Turdus leucomelas,128,66.3,32.41,20.78,5.71,6.15,0,66.3,RP4,119,NA,y,y,0,1,0,,,,,,,,,
13-Oct-2022,3,25,90,06:00,11:00,"CIM, GGC, IG",IG,GGC,06:30,Myiothlypis flaveola,129,13.9,21.98,10.8,4.03,3.5,0,13.9,NA,65,NA,n,y,0,0,,"RP4 cut short, not marked",,,,,,,,
13-Oct-2022,3,25,90,06:00,11:00,"CIM, GGC, IG",IG,GGC,07:10,Myiothlypis flaveola,130,12.9,22.02,10.19,4.43,3.49,0,12.9,RP10,61,NA,y,y,0,0,1,,,,,,,,,
13-Oct-2022,3,25,90,06:00,11:00,"CIM, GGC, IG",IG,GGC,07:10,Ramphocelus carbo,131,26.9,21.10,15.08,6.91,7.95,0,26.9,RP1,85,NA,y,y,0,1,0,male,,,,,,,,
13-Oct-2022,3,25,90,06:00,11:00,"CIM, GGC, IG",IG,GGC,07:45,Chiroxiphia galeata,132,21.2,18.75,7.19,3.84,4.20,0,21.2,RP1,76,NA,y,y,0,1,1,"132* collected from the sheet, female, Miconia sp. in feces?",,,,,,,,
13-Oct-2022,3,25,90,06:00,11:00,"CIM, GGC, IG",IG,GGC,08:50,Myiothlypis flaveola,133,13.8,23.19,10.97,4.60,3.57,0,13.8,RP11,62,NA,y,y,0,0,1,,,,,,,,,
13-Oct-2022,3,25,90,06:00,11:00,"CIM, GGC, IG",IG,GGC,08:50,Leptotila verreauxi,134,118.7,27.39,17.19,3.70,4.14,0,118.7,RP1,132,NA,y,y,0,1,1,mark after the second,,,,,,,,
18-Oct-2022,3,26,20,06:00,11:00,"CIM, GGC, GA",GA,GGC,07:05,Arremon flavirostris,135,NA,24.11,12.65,5.71,7.07,0,NA,RP1,70,NA,y,y,0,1,0,escaped,,,,,,,,
18-Oct-2022,3,26,20,06:00,11:00,"CIM, GGC, GA",GA,GGC,07:05,Myiarchus ferox,136,24.3,20.50,15.98,6.84,5.35,0,24.3,RP1,84,NA,y,y,0,1,0,feces with seeds,,,,,,,,
18-Oct-2022,3,26,20,06:00,11:00,"CIM, GGC, GA",GA,GGC,07:05,Automolus leucophthalmus,137,34.3,22.26,19.60,4.46,5.89,0,34.3,RP1,80,NA,y,y,0,0,1,,,,,,,,,
18-Oct-2022,3,26,20,06:00,11:00,"CIM, GGC, GA",GA,GGC,08:30,Myiodynastes maculatus,138,54,20.12,20.70,10.55,7.73,0,54,RP1,105,NA,n,y,0,1,,,,,,,,,,
18-Oct-2022,3,26,20,06:00,11:00,"CIM, GGC, GA",GA,GGC,08:30,Myiothlypis flaveola,139,13,22.35,12.18,4.44,3.75,0,13,RP2,62,NA,y,y,0,0,1,,,,,,,,,
18-Oct-2022,3,26,20,06:00,11:00,"CIM, GGC, GA",GA,GGC,09:20,Chiroxiphia galeata,140,20.9,19.40,7.82,4.61,4.05,0,20.9,RP2,72,NA,y,y,0,1,0,140* collected from sheet and ground,,,,,,,,
18-Oct-2022,3,26,20,06:00,11:00,"CIM, GGC, GA",GA,GGC,10:20,Leptopogon amaurocephalus,141,11.6,14.73,11.94,14.16,3.83,0,11.6,RP1,65,NA,y,y,0,1,0,bill length wrong?,,,,,,,,
18-Oct-2022,3,26,20,06:00,11:00,"CIM, GGC, GA",GA,GGC,10:20,Myiarchus ferox,142,25.6,20.43,15.40,7.68,5.47,0,25.6,RP2,85,NA,y,y,0,1,0,142* collected from sheet,,,,,,,,
18-Oct-2022,3,26,20,06:00,11:00,"CIM, GGC, GA",GA,GGC,11:00,Platyrinchus mystaceus,143,8.8,NA,NA,NA,NA,NA,NA,NA,NA,NA,y,NA,1,0,1,recapture,,,,,,,,
20-Oct-2022,3,27,64,05:45,11:00,"CIM, GGC",CIM,GGC,06:50,Arremon flavirostris,144,27.2,26.20,13.81,5.70,7.53,0,27.2,RP1,76,NA,y,y,1,1,0,recapture,,,,,,,,
20-Oct-2022,3,27,64,05:45,11:00,"CIM, GGC",CIM,GGC,07:30,Myiothlypis flaveola,145,14.2,24.22,11.79,4.59,3.55,0,14.2,RP1,75,NA,y,y,1,0,1,recapture,,,,,,,,
20-Oct-2022,3,27,64,05:45,11:00,"CIM, GGC",CIM,GGC,07:30,Arremon flavirostris,146,NA,NA,NA,NA,NA,NA,NA,RP2,NA,NA,y,n,0,1,0,escaped,,,,,,,,
20-Oct-2022,3,27,64,05:45,11:00,"CIM, GGC",CIM,GGC,08:00,Leptopogon amaurocephalus,147,16.1,15.79,11.95,3.84,3.67,0,16.1,RP1,67,NA,y,y,0,1,0,147a is a pellet regurgitated ,,,,,,,,
20-Oct-2022,3,27,64,05:45,11:00,"CIM, GGC",CIM,GGC,08:00,Tolmomyias sulphurescens,148,23.1,18.26,12.52,6.73,4.04,0,23.1,RP1,66,NA,y,y,0,1,1,,,,,,,,,
20-Oct-2022,3,27,64,05:45,11:00,"CIM, GGC",CIM,GGC,08:00,Myiothlypis flaveola,149,16.7,22.13,10.78,4.36,3.66,0,16.7,RP2,62,NA,y,y,0,0,1,,,,,,,,,
20-Oct-2022,3,27,64,05:45,11:00,"CIM, GGC",CIM,GGC,08:00,Turdus leucomelas,150,64,31.79,17.82,5.18,5.99,0,64,RP1,123,NA,y,y,0,1,1,"150* with seeds, collected from sheet",,,,,,,,
20-Oct-2022,3,27,64,05:45,11:00,"CIM, GGC",CIM,GGC,08:45,Myiothlypis flaveola,151,13.9,23.71,11.20,4.25,3.70,0,13.9,RP3,67,NA,y,y,0,0,1,,,,,,,,,
20-Oct-2022,3,27,64,05:45,11:00,"CIM, GGC",CIM,GGC,11:00,Dryobates passerinus,152,27.4,15.90,18.22,5.46,5.63,0,27.4,RP1,88,NA,y,y,0,0,1,,,,,,,,,
22-Oct-2022,3,28,88,06:00,11:00,"CIM, GGC, FO",FO,GGC,07:30,Myiothlypis flaveola,153,13.5,22.89,11.06,4.30,3.46,0,13.5,RP2,66,NA,y,y,1,0,1,recapture,,,,,,,,
29-Oct-2022,3,29,87,06:10,11:10,"CIM, GGC, IM, AJOS",CIM,GGC,06:40,Myiothlypis flaveola,154,14.4,21.23,10.32,4.01,3.6,0,14.4,RP4,61,NA,y,n,1,0,1,recapture,,,,,,,,
29-Oct-2022,3,29,87,06:10,11:10,"CIM, GGC, IM, AJOS",CIM,GGC,06:40,Arremon flavirostris,155,28.7,24.57,13.78,6.12,7.61,0,28.7,RP3,81,NA,y,y,0,1,0,,,,,,,,,
29-Oct-2022,3,29,87,06:10,11:10,"CIM, GGC, IM, AJOS",CIM,GGC,07:40,Synallaxis frontalis,156,14.1,18.81,10.09,2.98,3.64,0,14.1,RP1,56,NA,y,y,0,0,1,156* collected from the sheet,,,,,,,,
29-Oct-2022,3,29,87,06:10,11:10,"CIM, GGC, IM, AJOS",AJOS,GGC,07:40,Synallaxis frontalis,157,15.4,19.47,10.28,3.09,3.50,0,15.4,RP2,55,NA,n,y,0,0,,,,,,,,,,
29-Oct-2022,3,29,87,06:10,11:10,"CIM, GGC, IM, AJOS",AJOS,GGC,09:00,Myiarchus ferox,158,27.5,21.44,16.38,8.07,5.98,0,27.5,RP2,85,NA,y,y,0,1,0,,,,,,,,,
29-Oct-2022,3,29,87,06:10,11:10,"CIM, GGC, IM, AJOS",AJOS,GGC,09:00,Coereba flaveola,159,9.5,15.73,12.31,3.48,3.48,0,9.5,RP1,55,NA,n,y,0,1,,,,,,,,,,
29-Oct-2022,3,29,87,06:10,11:10,"CIM, GGC, IM, AJOS",AJOS,GGC,09:00,Coereba flaveola,160,9.6,16.06,12.80,3.68,3.64,0,9.6,RP2,53,NA,n,y,0,1,,,,,,,,,,
29-Oct-2022,3,29,87,06:10,11:10,"CIM, GGC, IM, AJOS",AJOS,GGC,09:50,Arremon flavirostris,161,29.9,23.18,13.67,6.09,7.24,0,29.9,RP4,80,NA,y,y,0,1,0,,,,,,,,,
29-Oct-2022,3,29,87,06:10,11:10,"CIM, GGC, IM, AJOS",AJOS,GGC,09:50,Cnemotriccus fuscatus,162,13.9,18.07,12.65,5.46,3.89,0,13.9,RP3,65,NA,n,y,0,1,,,,,,,,,,
29-Oct-2022,3,29,87,06:10,11:10,"CIM, GGC, IM, AJOS",AJOS,GGC,10:30,Myiodynastes maculatus,163,NA,NA,NA,NA,NA,NA,NA,NA,NA,NA,y,n,0,1,0,"escaped, 163* from sheet",,,,,,,,
29-Oct-2022,3,29,87,06:10,11:10,"CIM, GGC, IM, AJOS",AJOS,GGC,10:30,Myiodynastes maculatus,164,44.6,18.78,20.17,11.34,8.26,0,44.6,RP2,109,NA,n,y,0,1,,,,,,,,,,
29-Oct-2022,3,29,87,06:10,11:10,"CIM, GGC, IM, AJOS",CIM,GGC,11:00,Myiothlypis flaveola,165,13.7,22.06,11.66,4.23,3.47,0,13.7,RP9,62,NA,n,y,1,0,,recap?,,,,,,,,
1-Nov-2022,3,30,84,06:05,11:00,"CIM, GGC",CIM,GGC,07:50,Coryphospingus cucullatus,166,15.5,18.85,11.09,4.41,5.71,0,15.5,RP1,63,NA,y,y,0,1,1,,,,,,,,,
2-Nov-2022,4,31,206,05:45,11:00,"CIM, GGC, IM",CIM,GGC,06:50,Cnemotriccus fuscatus,167,11.9,17.35,10.47,5.26,3.74,0,11.9,RP1,62,NA,y,y,0,1,0,"from the sheet, 167*",,,,,,,,
2-Nov-2022,4,31,206,05:45,11:00,"CIM, GGC, IM",CIM,GGC,11:00,Lepidocolaptes angustirostris,168,33.7,21.07,34.04,4.16,5.12,0,33.7,RP1,100,NA,y,y,0,0,1,"collected from the sheet, 168*",,,,,,,,
4-Nov-2022,3,32,207,05:45,11:00,"CIM, GGC",CIM,GGC,06:20,Malacoptila striata,169,41.2,20.09,24.42,7.39,9.10,0,41.2,RP1,93,NA,y,y,0,0,1,tail growing,,,,,,,,
4-Nov-2022,3,32,207,05:45,11:00,"CIM, GGC",CIM,GGC,06:20,Cnemotriccus fuscatus,170,12.6,17.64,12.51,5.42,3.81,0,12.6,RP2,61,NA,y,y,0,1,0,,,,,,,,,
4-Nov-2022,3,32,207,05:45,11:00,"CIM, GGC",CIM,GGC,07:50,Platyrinchus mystaceus,171,8.6,17.02,9.46,7.27,2.88,0,8.6,RP2,53,NA,y,y,0,0,1,collected from the sheet 53*,,,,,,,,
4-Nov-2022,3,32,207,05:45,11:00,"CIM, GGC",CIM,GGC,10:30,Galbula ruficauda,172,24.3,10.48,46.28,5.36,6.24,0,24.3,RP2,80,NA,y,y,0,1,1,,,,,,,,,
8-Nov-2022,4,33,90,06:10,11:20,"CIM, GGC",CIM,GGC,06:35,Synallaxis frontalis,173,NA,NA,NA,NA,NA,NA,NA,NA,NA,NA,y,n,0,0,1,"feces collected from sheet, 173*",,,,,,,,
8-Nov-2022,4,33,90,06:10,11:20,"CIM, GGC",CIM,GGC,07:20,Lathrotriccus euleri,174,10.9,13.90,12.06,5.93,3.83,0,10.9,RP1,65,NA,n,y,0,1,,"stressed, released without collecting feces",,,,,,,,
8-Nov-2022,4,33,90,06:10,11:20,"CIM, GGC",CIM,GGC,08:00,Leptotila verreauxi,175,144.3,30.15,15.51,3.56,3.65,0,144.3,RP2,139,NA,y,y,0,1,1,,,,,,,,,
8-Nov-2022,4,33,90,06:10,11:20,"CIM, GGC",GGC,GGC,09:00,Myiarchus ferox,176,25.2,21.61,18.35,7.49,5.64,0,25.2,RP2,83,NA,n,n,0,1,,,,,,,,,,
8-Nov-2022,4,33,90,06:10,11:20,"CIM, GGC",CIM,GGC,09:00,Myiarchus ferox,177,25.9,22.19,17.07,7.65,5.16,0,25.9,RP3,85,NA,y,y,0,1,0,177* collected from sheet,,,,,,,,
8-Nov-2022,4,33,90,06:10,11:20,"CIM, GGC",CIM,GGC,09:00,Myiarchus ferox,178,24.2,20.12,17.23,7.95,5.88,0,24.2,RP4,85,NA,y,y,0,1,0,178* collected from sheet,,,,,,,,
8-Nov-2022,4,33,90,06:10,11:20,"CIM, GGC",CIM,GGC,09:45,Stilpnia cayana,179,19.4,18.54,11.75,5.38,5.65,0,19.4,RP2,76,NA,y,y,0,1,0,"male, seeds in feces",,,,,,,,
8-Nov-2022,4,33,90,06:10,11:20,"CIM, GGC",CIM,GGC,09:45,Myiarchus ferox,180,23.3,21.14,17.81,7.87,5.92,0,23.3,RP5,85,NA,y,y,0,1,0,,,,,,,,,
8-Nov-2022,4,33,90,06:10,11:20,"CIM, GGC",CIM,GGC,10:30,Turdus amaurochalinus,181,103.3,34.61,19.23,5.92,6.10,0,103.3,RP1,111,NA,y,y,0,1,0,seeds! weight likely wrong...,,,,,,,,
8-Nov-2022,4,33,90,06:10,11:20,"CIM, GGC",CIM,GGC,10:30,Leptotila verreauxi,182,156,29.56,16.30,3.30,3.82,0,156,RP3,140,NA,y,y,0,1,1,,,,,,,,,
8-Nov-2022,4,33,90,06:10,11:20,"CIM, GGC",CIM,GGC,10:30,Volatinia jacarina,183,NA,NA,NA,NA,NA,NA,NA,NA,NA,NA,y,n,0,1,1,escaped,,,,,,,,
8-Nov-2022,4,33,90,06:10,11:20,"CIM, GGC",CIM,GGC,10:30,Conirostrum speciosum,184,8.7,14.86,9.19,3.34,3.33,0,8.7,RP1,56,NA,n,y,0,1,,male,,,,,,,,
8-Nov-2022,4,33,90,06:10,11:20,"CIM, GGC",CIM,GGC,10:30,Volatinia jacarina,185,10.8,16.03,10.11,4.38,5.08,0,10.8,RP1,50,NA,y,y,0,1,1,,,,,,,,,
8-Nov-2022,4,33,90,06:10,11:20,"CIM, GGC",CIM,GGC,11:20,Synallaxis frontalis,186,14.9,19.75,10.39,2.90,3.87,0,14.9,RP1,55,NA,n,y,0,0,,,,,,,,,,
9-Nov-2022,4,34,20,06:10,11:10,"CIM, GGC",CIM,GGC,06:40,Synallaxis ruficapilla,187,12.6,20.17,11.35,2.98,3.40,0,12.6,RP1,51,NA,n,y,0,0,,,,,,,,,,
9-Nov-2022,4,34,20,06:10,11:10,"CIM, GGC",CIM,GGC,06:40,Platyrinchus mystaceus,188,8.8,17.11,9.5,6.7,2.76,0,8.8,RP3,55,NA,n,y,0,0,,,,,,,,,,
9-Nov-2022,4,34,20,06:10,11:10,"CIM, GGC",CIM,GGC,07:20,Platyrinchus mystaceus,189,8.9,17.13,10.25,7.28,2.90,0,8.9,RP4,55,NA,n,y,0,0,,,,,,,,,,
9-Nov-2022,4,34,20,06:10,11:10,"CIM, GGC",CIM,GGC,07:20,Thlypopsis sordida,190,13.6,19.66,11.14,4.13,4.16,0,13.6,RP1,61,NA,y,y,0,1,0,,,,,,,,,
9-Nov-2022,4,34,20,06:10,11:10,"CIM, GGC",CIM,GGC,08:05,Leptopogon amaurocephalus,191,10.7,15.67,11.84,4.00,3.52,0,10.7,RP1,63,NA,y,y,0,1,0,sepia capped flycatcher,,,,,,,,
9-Nov-2022,4,34,20,06:10,11:10,"CIM, GGC",CIM,GGC,08:05,Eucometis penicillata,192,NA,22.02,16.62,6.31,7.42,0,NA,RP1,89,NA,y,y,0,1,0,escaped,,,,,,,,
9-Nov-2022,4,34,20,06:10,11:10,"CIM, GGC",CIM,GGC,08:05,Arremon flavirostris,193,29.3,25,15.05,6.44,7.43,0,29.3,RP2,80,NA,y,y,0,1,0,,,,,,,,,
9-Nov-2022,4,34,20,06:10,11:10,"CIM, GGC",CIM,GGC,08:05,Platyrinchus mystaceus,194,8.6,17.77,10.29,7.02,2.77,0,8.6,RP1,52,NA,n,n,1,0,,recap!,,,,,,,,
18-Nov-2022,4,35,56,06:30,11:30,"CIM, NS",NS,CIM,08:30,Chiroxiphia galeata,195,20,22.25,8.01,4.35,3.90,0,20,RP1,80,NA,y,y,0,1,0,male,,,,,,,,
19-Nov-2022,4,36,88,06:10,11:10,"CIM, FO",FO,CIM,07:20,Basileuterus culicivorus,196,9.8,19.80,10.44,3.85,3.16,0,9.8,RP1,59,NA,y,y,0,0,1,,,,,,,,,
19-Nov-2022,4,36,88,06:10,11:10,"CIM, FO",CIM,FO,07:50,Coereba flaveola,197,9.9,18.00,13.29,3.21,3.61,0,9.9,RP1,57,NA,y,n,0,1,1,,,,,,,,,
19-Nov-2022,4,36,88,06:10,11:10,"CIM, FO",CIM,FO,08:40,Turdus leucomelas,198,65.3,34.45,19.81,6.88,5.89,0,65.3,RP5,125,NA,y,y,0,1,0,,,,,,,,,
19-Nov-2022,4,36,88,06:10,11:10,"CIM, FO",CIM,FO,11:00,Turdus amaurochalinus,199,57.9,37.34,20.64,6.30,5.18,0,57.9,RP2,115,NA,y,y,0,1,0,,,,,,,,,
19-Nov-2022,4,36,88,06:10,11:10,"CIM, FO",CIM,FO,11:00,Turdus leucomelas,200,65.2,35.33,21.32,6.77,4.76,0,65.2,RP6,116,NA,y,y,0,1,0,,,,,,,,,
19-Nov-2022,4,36,88,06:10,11:10,"CIM, FO",CIM,FO,11:00,Turdus leucomelas,201,72.5,35.83,19.81,4.42,5.77,0,72.5,RP7,123,NA,y,y,0,1,0,,,,,,,,,
19-Nov-2022,4,36,88,06:10,11:10,"CIM, FO",CIM,FO,11:00,Myiothlypis flaveola,202,13.2,23.06,13.27,3.60,3.36,0,13.2,RP7,63,NA,n,n,1,0,,recap! feather already collected,,,,,,,,
19-Nov-2022,4,36,88,06:10,11:10,"CIM, FO",CIM,FO,11:00,Pitangus sulphuratus,203,55.1,25.83,24.42,7.93,7.39,0,55.1,RP1,122,NA,y,y,0,1,0,,,,,,,,,
22-Nov-2022,4,37,22,06:30,11:00,"CIM, MF",MF,CIM,07:00,Myiothlypis flaveola,204,13.1,23.47,11.57,4.26,3.37,0,13.1,RP3,64,NA,y,y,0,0,1,,,,,,,,,
22-Nov-2022,4,37,22,06:30,11:00,"CIM, MF",MF,CIM,11:00,Myiothlypis flaveola,205,NA,NA,NA,NA,NA,NA,NA,NA,NA,NA,y,n,0,0,1,"juvenile, released without measurements ",,,,,,,,
22-Nov-2022,4,37,22,06:30,11:00,"CIM, MF",MF,CIM,11:00,Myiothlypis flaveola,206,NA,NA,NA,NA,NA,NA,NA,NA,NA,NA,y,n,0,0,1,"juvenile, released without measurements ",,,,,,,,
22-Nov-2022,4,37,22,06:30,11:00,"CIM, MF",MF,CIM,11:00,Myiothlypis flaveola,207,NA,NA,NA,NA,NA,NA,NA,NA,NA,NA,y,n,0,0,1,"juvenile, released without measurements ",,,,,,,,
7-Dec-2022,4,38,64,06:00,11:00,"CIM, GGC, NPN",CIM,GGC,07:05,Leptopogon amaurocephalus,208,10.5,14.5,12.48,3.43,2.95,0,10.5,RP2,63,NA,y,y,0,1,0,,,,,,,,,
8-Dec-2022,4,39,207,06:10,11:10,"CIM, GGC",CIM,GGC,06:45,Habia rubica,209,24,25.73,16.55,6.75,7.86,0,24,RP1,97,NA,y,y,0,1,1,,,,,,,,,
8-Dec-2022,4,39,207,06:10,11:10,"CIM, GGC",CIM,GGC,08:50,Myiothlypis flaveola,210,13.5,21.98,11.02,4.00,3.02,0,13.5,RP2,66,NA,y,y,1,0,1,,,,,,,,,
9-Dec-2022,4,40,87,06:30,11:30,"CIM, HIMM",HIMM,CIM,07:10,Coereba flaveola,211,9.5,15.80,12.86,3.03,3.45,0,9.5,RP3,56,NA,y,y,0,1,1,,,,,,,,,
9-Dec-2022,4,40,87,06:30,11:30,"CIM, HIMM",HIMM,CIM,09:10,Thraupis sayaca,212,35.4,20.52,13.71,6.23,6.94,0,35.4,RP2,34,NA,y,y,0,1,0,212* collected from sheet,,,,,,,,
9-Dec-2022,4,40,87,06:30,11:30,"CIM, HIMM",HIMM,CIM,09:40,Coryphospingus cucullatus,213,13.5,13.44,11.56,4.90,6.23,0,13.5,RP2,64,NA,y,y,0,1,1,no tail feathers,,,,,,,,
9-Dec-2022,4,40,87,06:30,11:30,"CIM, HIMM",HIMM,CIM,09:40,Tolmomyias sulphurescens,214,13.4,15.88,13.02,4.43,3.94,0,13.4,RP2,40,NA,y,n,0,1,1,"214* collected from sheet, corrected spp id 14/06/2023",,,,,,,,
9-Dec-2022,4,40,87,06:30,11:30,"CIM, HIMM",HIMM,CIM,11:00,Leptopogon amaurocephalus,215,15.1,16.40,12.17,5.31,3.76,0,15.1,RP2,66,NA,y,y,0,1,0,,,,,,,,,
17-Dec-2022,5,41,206,06:30,11:30,"CIM, HIMM",HIMM,CIM,07:40,Myiothlypis flaveola,216,14,22.49,12.59,4.61,3.45,0,14,RP3,66,NA,y,y,0,0,1,,,,,,,,,
17-Dec-2022,5,41,206,06:30,11:30,"CIM, HIMM",HIMM,CIM,09:10,Lepidocolaptes angustirostris,217,30.1,21.13,34.67,4.30,5.05,0,30.1,RP1,106,NA,y,n,1,0,1,"recap, 217* collected from lona, placa",,,,,,,,
19-Dec-2022,4,42,84,06:20,11:20,"CIM, FO",CIM,FO,07:00,Myiothlypis flaveola,218,13.2,24.47,16.87,4.34,3.60,0,13.2,RP12,62,NA,y,y,0,0,1,"feces stored out of freezer for 3 months, mistakenlly placed with seed samples",,,,,,,,
19-Dec-2022,4,42,84,06:20,11:20,"CIM, FO",CIM,FO,07:00,Synallaxis frontalis,219,15.6,23.40,12.24,3.19,3.74,0,15.6,RP2,53,NA,y,y,0,0,1,,,,,,,,,
19-Dec-2022,4,42,84,06:20,11:20,"CIM, FO",CIM,FO,08:00,Thraupis sayaca,220,31.0,21.39,15.06,6.13,6.69,0,31,RP2,90,NA,y,y,0,1,0,,,,,,,,,
21-Dec-2022,5,43,56,06:00,11:05,"CIM, GGC, HIMM",CIM,GGC,06:35,Conopophaga lineata,221,20.7,28.90,12.48,5.26,3.88,0,20.7,RP1,69,NA,y,y,0,0,1,,,,,,,,,
21-Dec-2022,5,43,56,06:00,11:05,"CIM, GGC, HIMM",CIM,GGC,07:45,Arremon flavirostris,222,27.4,24.81,13.84,5.24,7.07,0,27.4,RP2,74,NA,y,y,0,1,0,222* collected from the sheet,,,,,,,,
21-Dec-2022,5,43,56,06:00,11:05,"CIM, GGC, HIMM",CIM,GGC,09:15,Myiodynastes maculatus,223,44,20.18,22.29,11.17,8.14,0,44,RP1,106,NA,y,y,0,1,1,"RP5 folded, 223* collected from sheet",,,,,,,,
21-Dec-2022,5,43,56,06:00,11:05,"CIM, GGC, HIMM",CIM,GGC,11:05,Myiothlypis flaveola,224,12.7,22.16,10.8,3.96,3.32,0,12.7,RP1,60,NA,y,y,0,0,1,,,,,,,,,
22-Dec-2022,5,44,20,06:45,11:15,"CIM, GGC, HIMM, IG",HIMM,GGC,07:15,Eucometis penicillata,225,28.1,21.28,15.60,6.67,7.27,0,28.1,RP3,85,NA,y,y,1,1,0,"recapture, 225* collected from sheet",,,,,,,,
22-Dec-2022,5,44,20,06:45,11:15,"CIM, GGC, HIMM, IG",HIMM,GGC,07:15,Sporophila sp.,226,12.1,16.54,10.65,5.55,6.54,0,12.1,RP1,57,NA,y,y,0,1,1,,,,,,,,,
22-Dec-2022,5,44,20,06:45,11:15,"CIM, GGC, HIMM, IG",HIMM,GGC,07:15,Sporophila sp.,227,13.1,16.62,10.65,5.87,6.77,0,13.1,RP2,67,NA,y,y,0,1,1,,,,,,,,,
22-Dec-2022,5,44,20,06:45,11:15,"CIM, GGC, HIMM, IG",HIMM,GGC,07:15,Platyrinchus mystaceus,228,8.9,17.66,10.11,7.05,2.69,0,8.9,RP5,54,NA,y,y,0,0,1,,,,,,,,,
22-Dec-2022,5,44,20,06:45,11:15,"CIM, GGC, HIMM, IG",HIMM,GGC,07:15,Platyrinchus mystaceus,229,8.2,16.25,9.89,7.16,2.81,0,8.2,RP6,56,NA,y,y,0,0,1,,,,,,,,,
22-Dec-2022,5,44,20,06:45,11:15,"CIM, GGC, HIMM, IG",HIMM,GGC,07:15,Eucometis penicillata,230,24.6,20.14,15.18,6.86,7.23,0,24.6,RP2,81,NA,y,y,0,1,0,230* collected from sheet,,,,,,,,
22-Dec-2022,5,44,20,06:45,11:15,"CIM, GGC, HIMM, IG",HIMM,GGC,08:10,Myiothlypis flaveola,231,13.3,23.52,11.18,4.18,3.35,0,13.3,RP3,65,NA,y,y,0,0,1,,,,,,,,,
22-Dec-2022,5,44,20,06:45,11:15,"CIM, GGC, HIMM, IG",HIMM,GGC,08:10,Tolmomyias sulphurescens,232,16.1,18.27,12.33,6.21,4.43,0,16.1,RP1,62,NA,y,y,0,1,1,,,,,,,,,
22-Dec-2022,5,44,20,06:45,11:15,"CIM, GGC, HIMM, IG",HIMM,GGC,08:55,Synallaxis ruficapilla,233,14.7,19.89,12.43,3.67,3.51,0,14.7,RP2,54,NA,y,y,0,0,1,233* collected from sheet,,,,,,,,
22-Dec-2022,5,44,20,06:45,11:15,"CIM, GGC, HIMM, IG",HIMM,GGC,09:35,Leptotila verreauxi,234,165,29.29,17.05,3.45,4.19,0,165,RP1,139,NA,y,y,0,1,1,,,,,,,,,
22-Dec-2022,5,44,20,06:45,11:15,"CIM, GGC, HIMM, IG",HIMM,GGC,09:35,Galbula ruficauda,235,21.19,11.15,36.52,4.79,5.67,0,21.19,RP2,77,NA,n,y,0,1,,,,,,,,,,
23-Dec-2022,5,45,90,06:30,11:00,"CIM, GGC",GGC,GGC,07:40,Myiothlypis flaveola,236,14.2,22.94,11.9,4.30,3.43,0,14.2,RP13,61,NA,y,y,0,0,1,,,,,,,,,
23-Dec-2022,5,45,90,06:30,11:00,"CIM, GGC",GGC,GGC,07:40,Myiarchus ferox,237,28.9,20.79,18.88,7.98,6.14,0,28.9,RP6,88,NA,y,y,0,1,0,,,,,,,,,
23-Dec-2022,5,45,90,06:30,11:00,"CIM, GGC",GGC,GGC,08:30,Pitangus sulphuratus,238,53.3,26.95,23.69,9.03,9.21,0,53.3,RP2,112,NA,y,y,0,1,0,juvenile,,,,,,,,
23-Dec-2022,5,45,90,06:30,11:00,"CIM, GGC",GGC,GGC,08:30,Myiarchus ferox,239,43.9,21.07,18.28,8.36,5.80,0,43.9,RP7,89,NA,n,y,0,1,,,,,,,,,,
23-Dec-2022,5,45,90,06:30,11:00,"CIM, GGC",GGC,GGC,08:30,Leptotila verreauxi,240,120.8,33.21,20.55,6.15,3.33,0,120.8,RP4,142,NA,y,y,0,1,1,,,,,,,,,
23-Dec-2022,5,45,90,06:30,11:00,"CIM, GGC",GGC,GGC,09:40,Myiarchus ferox,241,25.3,21.19,18.36,7.76,5.73,0,25.3,RP8,87,NA,y,y,0,1,0,,,,,,,,,
23-Dec-2022,5,45,90,06:30,11:00,"CIM, GGC",GGC,GGC,09:40,Pitangus sulphuratus,242,55.7,27.03,26.72,8.77,8.62,0,55.7,RP4,123,NA,y,y,0,1,0,juvenile,,,,,,,,
23-Dec-2022,5,45,90,06:30,11:00,"CIM, GGC",GGC,GGC,09:40,Pitangus sulphuratus,243,62.8,26.62,27.32,10.10,8.72,0,62.8,RP3,115,NA,y,y,0,1,0,,,,,,,,,
23-Dec-2022,5,45,90,06:30,11:00,"CIM, GGC",GGC,GGC,09:40,Pitangus sulphuratus,244,55.6,24.25,23.62,9.78,8.86,0,55.6,RP5,115,NA,y,n,0,1,0,juvenile,,,,,,,,
23-Dec-2022,5,45,90,06:30,11:00,"CIM, GGC",GGC,GGC,09:40,Myiarchus ferox,245,24.2,19.67,18.00,7.68,5.24,0,24.2,RP9,85,NA,y,y,0,1,0,,,,,,,,,
23-Dec-2022,5,45,90,06:30,11:00,"CIM, GGC",GGC,GGC,09:40,Myiarchus ferox,246,NA,NA,NA,NA,NA,NA,NA,RP3,NA,NA,y,n,0,1,0,,,,,,,,,
23-Dec-2022,5,45,90,06:30,11:00,"CIM, GGC",GGC,GGC,09:40,Myiarchus ferox,247,23.7,21.46,16.67,7.51,5.43,0,23.7,RP10,90,NA,y,y,0,1,0,,,,,,,,,
23-Dec-2022,5,45,90,06:30,11:00,"CIM, GGC",CIM,GGC,10:50,Pitangus sulphuratus,248,62.9,26.29,27.89,10.40,9.39,0,62.9,RP6,119,NA,y,y,0,1,0,,,,,,,,,
23-Dec-2022,5,45,90,06:30,11:00,"CIM, GGC",CIM,GGC,10:50,Pitangus sulphuratus,249,57.2,26.19,25.57,9.16,8.42,0,57.2,RP7,117,NA,n,y,0,1,,,,,,,,,,
27-Dec-2022,5,46,64,06:10,11:00,"CIM, GGC",CIM,GGC,11:00,Sporophila sp.,250,13.4,17.69,9.73,5.48,6.67,0,13.4,RP1,58,NA,y,y,0,1,1,juvenile,,,,,,,,
2-Jan-2023,5,47,88,06:10,11:10,"CIM, HIMM",HIMM,CIM,08:10,Leptopogon amaurocephalus,251,10.4,14.93,12.20,4.03,3.93,0,10.4,RP2,63,NA,y,y,1,1,0,"recap, RP2, seeds",,,,,,,,
2-Jan-2023,5,47,88,06:10,11:10,"CIM, HIMM",HIMM,CIM,08:10,Thlypopsis sordida,252,14.8,20.17,10.97,4.09,4.22,0,14.8,RP1,65,NA,y,y,0,1,0,"should be RP2, cut two cuts ",,,,,,,,
2-Jan-2023,5,47,88,06:10,11:10,"CIM, HIMM",HIMM,CIM,09:20,Tachyphonus coronatus,253,26.2,21.92,15.26,6.34,7.19,0,26.2,RP1,84,NA,y,y,0,1,0,"253* from sheet, seeds",,,,,,,,
2-Jan-2023,5,47,88,06:10,11:10,"CIM, HIMM",HIMM,CIM,09:20,Lathrotriccus euleri,254,16.3,17.85,12.46,6.53,4.03,0,16.3,RP2,66,NA,n,y,0,1,,check spp. ,,,,,,,,
2-Jan-2023,5,47,88,06:10,11:10,"CIM, HIMM",HIMM,CIM,10:25,Chiroxiphia galeata,255,NA,NA,NA,NA,NA,NA,NA,NA,NA,NA,y,n,0,1,1,"255* collected from sheet, Miconia spp. seeds ",,,,,,,,
3-Jan-2023,5,48,84,06:15,11:15,"CIM, GGC",CIM,GGC,06:45,Synallaxis frontalis,256,14.6,19.15,10.4,3.20,3.55,0,14.6,RP3,53,NA,y,y,0,0,1,,,,,,,,,
3-Jan-2023,5,48,84,06:15,11:15,"CIM, GGC",GGC,GGC,10:20,Turdus leucomelas,257,75.5,32.56,18.87,5.64,6.08,0,75.5,RP8,121,NA,y,y,0,1,0,sheet & bag feces combined,,,,,,,,
3-Jan-2023,5,48,84,06:15,11:15,"CIM, GGC",GGC,GGC,10:20,Thamnophilus doliatus,258,26,25.83,18.55,5.39,6.27,0,26,RP2,73,NA,y,y,0,1,0,"young male, sheet + bag",,,,,,,,
3-Jan-2023,5,48,84,06:15,11:15,"CIM, GGC",GGC,GGC,10:20,Euphonia violacea,259,13.9,16.36,8.57,5.22,5.21,0,13.9,RP1,57,NA,y,y,0,1,1,"male, sheet + bag",,,,,,,,
3-Jan-2023,5,48,84,06:15,11:15,"CIM, GGC",GGC,GGC,10:20,Euphonia violacea,260,15.2,15.89,10.13,5.04,5.50,0,15.2,RP2,60,NA,y,y,0,1,1,"female, from sheet and bag",,,,,,,,
3-Jan-2023,5,48,84,06:15,11:15,"CIM, GGC",GGC,GGC,10:20,Leptotila verreauxi,261,161.9,29.53,16.10,3.91,3.97,0,161.9,RP4,139,NA,n,y,0,1,1,,,,,,,,,
3-Jan-2023,5,48,84,06:15,11:15,"CIM, GGC",GGC,GGC,10:20,Turdus leucomelas,262,73.6,31.20,19.25,5.42,6.31,0,73.6,RP4,118,NA,y,y,0,1,0,,,,,,,,,
3-Jan-2023,5,48,84,06:15,11:15,"CIM, GGC",GGC,GGC,10:20,Clibanornis rectirostris,263,NA,NA,NA,NA,NA,NA,NA,NA,NA,NA,y,y,0,0,0,escaped,,,,,,,,
3-Jan-2023,5,48,84,06:15,11:15,"CIM, GGC",GGC,GGC,11:00,Dryobates passerinus,264,33.3,16.63,19.93,6.75,5.89,0,33.3,RP1,90,NA,n,y,0,0,0,male,,,,,,,,
3-Jan-2023,5,48,84,06:15,11:15,"CIM, GGC",GGC,GGC,10:20,Myiarchus ferox,265,NA,NA,NA,NA,NA,NA,NA,NA,NA,NA,y,n,0,1,0,"265* collected from sheet, escaped from net",,,,,,,,
16-Jan-2023,5,49,22,06:05,11:05,"CIM, GGC, RT, JK, MVH",CIM,GGC,07:45,Synallaxis ruficapilla,266,13.7,20.27,11.53,3.17,3.39,0,13.7,RP1,49,NA,n,y,0,0,0,lost tail :(,,,,,,,,
16-Jan-2023,5,49,22,06:05,11:05,"CIM, GGC, RT, JK, MVH",CIM,GGC,09:10,Conopophaga lineata,267,21.0,29.62,12.24,5.19,3.71,0,21,RP1,69,NA,y,y,0,0,1,,,,,,,,,
16-Jan-2023,5,49,22,06:05,11:05,"CIM, GGC, RT, JK, MVH",CIM,GGC,09:40,Chiroxiphia galeata,268,20.2,18.8,9.35,4.11,4.11,0,20.2,RP1,76,NA,y,y,0,1,0,"female, 268* collected from sheet, seeds and red fruits",,,,,,,,
17-Jan-2023,5,50,87,06:00,11:20,"CIM, FO, NS",CIM,FO,06:30,Ramphocelus carbo,269,36.7,23.46,16.22,9.2,8.49,0,36.7,RP2,84,NA,y,y,0,1,0,Miconia spp. seeds in feces ,,,,,,,,
17-Jan-2023,5,50,87,06:00,11:20,"CIM, FO, NS",CIM,FO,07:05,Sporophila sp.,270,13.6,17.10,19.91,5.76,6.46,0,13.6,RP3,56,NA,y,y,0,1,0,check sp. ,,,,,,,,
17-Jan-2023,5,50,87,06:00,11:20,"CIM, FO, NS",NS,FO,09:30,Arremon flavirostris,271,30.4,25.25,13.56,7.18,7.36,0,30.4,RP5,81,NA,y,y,0,1,0,Miconia spp. seeds in feces ,,,,,,,,
18-Jan-2023,5,51,207,05:55,11:00,"CIM, GGC, RT, JK, MVH, EZ",CIM/EZ,GGC,07:40,Tachyphonus coronatus,272,23.8,20.47,15.16,6.31,6.95,0,23.8,RP1,81,NA,y,y,0,1,0,,,,,,,,,
18-Jan-2023,5,51,207,05:55,11:00,"CIM, GGC, RT, JK, MVH, EZ",CIM,GGC,11:00,Basileuterus culicivorus,273,8.7,18.86,9.57,3.69,3.26,0,8.7,RP2,52,NA,y,y,0,0,1,,,,,,,,,
19-Jan-2023,6,52,20,06:15,11:15,"CIM, GGC, RT, JK, MVH, VG, GA",CIM,GGC,06:45,Asemospiza fuliginosa,274,14.4,15.52,11.12,5.66,6.50,0,14.4,RP1,55,NA,y,y,0,1,1,check sp.,,,,,,,,
19-Jan-2023,6,52,20,06:15,11:15,"CIM, GGC, RT, JK, MVH, VG, GA",CIM,GGC,11:15,Chiroxiphia galeata,275,20,20.15,8.83,3.85,3.85,0,20,RP3,79,NA,y,y,0,1,1,"Miconina sp in feces, with one seed",,,,,,,,
23-Jan-2023,6,53,56,05:55,11:00,"CIM, GGC, RT, JK, MVH, HIMM",HIMM,CIM,08:40,Sporophila sp.,276,12.6,16.38,10.80,5.24,6.66,0,12.6,RP1,60,NA,y,y,0,1,1,,,,,,,,,
23-Jan-2023,6,53,56,05:55,11:00,"CIM, GGC, RT, JK, MVH, HIMM",HIMM,CIM,10:35,Sporophila sp.,277.1,12.3,16.02,10.35,4.59,6.14,0,16.02,RP2,58,NA,y,y,0,1,1,"two samples with 277, this one is 277.1 ",,,,,,,,
24-Jan-2023,6,54,206,06:10,11:10,"CIM, HIMM",HIMM,CIM,08:30,Myiothlypis flaveola,277.2,12.9,23.65,11.63,2.92,3.42,0,23.65,RP3,64,NA,y,y,0,0,1,"feather collected from the sheet, this one is 277.2",,,,,,,,
24-Jan-2023,6,54,206,06:10,11:10,"CIM, HIMM",HIMM,CIM,10:10,Sporophila sp.,278,13,16.3,11.59,6.36,7.51,0,16.3,RP1,59,NA,y,y,0,1,1,,,,,,,,,
25-Jan-2023,6,55,90,6:00,11:00,"CIM, GGC, RT, HIMM, MVH, JK",-,-,-,no_captures,000,NA,NA,NA,NA,NA,NA,NA,NA,NA,NA,NA,NA,NA,NA,,,,,,,,,,
26-Jan-2023,6,56,64,05:50,11:10,"CIM, GGC, JK",JK,GGC,07:00,Malacoptila striata,279,43.2,19.59,25.07,8.23,9.59,0,43.2,RP1,98,NA,y,y,0,0,1,,,,,,,,,
26-Jan-2023,6,56,64,05:50,11:10,"CIM, GGC, JK",JK,GGC,08:10,Leptotila verreauxi,280,164.1,30.55,17.32,3.58,4.38,0,164.1,RP1,145,NA,n,y,0,1,0,,,,,,,,,
26-Jan-2023,6,56,64,05:50,11:10,"CIM, GGC, JK",JK,GGC,08:40,Arremon flavirostris,281,28.9,25.73,14.94,5.52,7.67,0,28.9,RP3,76,NA,y,y,0,1,0,,,,,,,,,
03-Feb-2023,6,57,22,06:40,11:00,"CIM, IFM",IFM,CIM,07:55,Conopophaga lineata,282,20.7,29.53,12.89,5.35,4.18,0,20.7,RP1,72,NA,y,y,0,0,1,,,,,,,,,
03-Feb-2023,6,57,22,06:40,11:00,"CIM, IFM",IFM,CIM,07:55,Myiothlypis flaveola,283,12.8,23.05,10.97,3.61,3.36,0,12.8,RP4,62,NA,y,y,0,0,1,broken RP3,,,,,,,,
9-Feb-2023,6,58,207,06:25,11:10,"CIM, JK, MVH",CIM,GGC,09:50,Asemospiza fuliginosa,284,13.1,16.18,10.96,5.07,6.44,0,13.1,RP1,59,NA,y,y,0,1,1,sooty grassquit,,,,,,,,
10-Feb-2023,6,59,87,06:20,11:20,"CIM, HIMM, AJ",-,-,-,no_captures,000,NA,NA,NA,NA,NA,NA,NA,NA,NA,NA,NA,NA,NA,NA,,,,,,,,,,
14-Feb-2023,7,60,20,06:10,11:00,"CIM, GGC, MVH, RT, JK",CIM,GGC,06:40,Myiothlypis flaveola,285,15.1,23.24,11.11,4.09,3.32,0,15.1,RP3,63,NA,n,y,0,0,0,juvenile,,,,,,,,
14-Feb-2023,7,60,20,06:10,11:00,"CIM, GGC, MVH, RT, JK",CIM,GGC,08:00,Manacus manacus,286,14.9,20.01,10.03,4.10,3.57,0,14.9,RP1,53,NA,y,y,0,1,0,"female, recap later, second sample labeled 286R",,,,,,,,
14-Feb-2023,7,60,20,06:10,11:00,"CIM, GGC, MVH, RT, JK",CIM,GGC,08:40,Manacus manacus,287,14.8,19.52,9.56,3.73,3.24,0,14.8,RP2,52,NA,y,y,0,1,0,juvenile,,,,,,,,
14-Feb-2023,7,60,20,06:10,11:00,"CIM, GGC, MVH, RT, JK",CIM,GGC,08:40,Manacus manacus,288,16.5,21.38,10.55,3.59,3.01,0,16.5,RP3,52,NA,y,y,0,1,0,"juvenile, from sheet",,,,,,,,
14-Feb-2023,7,60,20,06:10,11:00,"CIM, GGC, MVH, RT, JK",CIM,GGC,09:30,Asemospiza fuliginosa,289,NA,NA,NA,NA,NA,NA,NA,NA,NA,NA,n,n,0,1,1,escaped,,,,,,,,
14-Feb-2023,7,60,20,06:10,11:00,"CIM, GGC, MVH, RT, JK",CIM,GGC,10:10,Chiroxiphia galeata,290,NA,20.65,9.59,4.23,4.17,0,NA,RP3,79,NA,y,n,0,1,1,"male, RP1 + RP2 growing, collected from sheet",,,,,,,,
14-Feb-2023,7,60,20,06:10,11:00,"CIM, GGC, MVH, RT, JK",CIM,GGC,11:00,Platyrinchus mystaceus,291,8.4,16.35,9.34,6.56,2.75,0,8.4,RP7,48,NA,y,y,0,0,1,,,,,,,,,
16-Feb-2023,6,61,88,06:30,11:00,"CIM, HIMM",HIMM,CIM,07:00,Myiothlypis flaveola,292,13.4,22.43,11.69,4.73,3.71,0,13.4,RP12,65,NA,y,y,0,0,1,,,,,,,,,
16-Feb-2023,6,61,88,06:30,11:00,"CIM, HIMM",HIMM,CIM,10:10,Sporophila sp.,293,13.4,16.92,11.41,6.67,6.59,0,13.4,RP3,57,NA,y,n,1,1,1,captured 17/01 in P87; changed from unknown to Sporophila sp  on 2- oct -2023,,,,,,,,
2-Mar-2023,6,62,84,06:15,11:00,"CIM, GGC, RT, DH",CIM,GGC,09:05,Coereba flaveola,294,9.9,16.47,12.56,3.55,3.66,0,9.9,RP3,59,NA,y,y,0,1,1,,,,,,,,,
3-Mar-2023,7,63,206,06:30,11:15,"CIM, IG",CIM,IG,07:40,Myiothlypis flaveola,295,13,22.54,10.45,4.57,3.41,0,13,RP3,65,NA,NA,y,0,0,1,,,,,,,,,
8-Mar-2023,7,64,90,06:10,11:10,"CIM, GGC, RT",RT,GGC,10:20,Leptotila verreauxi,296,166.2,31,15.5,3.5,3.5,0,166.2,RP4,147,NA,y,y,0,1,1,,,,,,,,,
8-Mar-2023,7,64,90,06:10,11:10,"CIM, GGC, RT",CIM,GGC,11:05,Chiroxiphia galeata,297,20.7,18,10,3.8,3.5,0,20.7,RP2,73,NA,y,y,0,1,0,"female, with seeds, collected from sheet",,,,,,,,
9-Mar-2023,7,65,56,06:10,11:10,"CIM, HIMM, RT, FO",CIM,FO,06:40,Thamnophilus caerulescens,298,20.4,23,19,5,5,0,20.4,RP1,68,NA,y,y,0,1,1,female,,,,,,,,
9-Mar-2023,7,65,56,06:10,11:10,"CIM, HIMM, RT, FO",CIM,FO,07:30,Sporophila sp.,299,NA,17,8,6,7,0,NA,RP3,61,NA,y,y,0,1,1,"check spp., sporophilla ",,,,,,,,
9-Mar-2023,7,65,56,06:10,11:10,"CIM, HIMM, RT, FO",CIM,FO,08:00,Myiothlypis flaveola,300,13.2,23,16,5,3,0,13.2,RP1,65,NA,y,y,0,0,1,bill length seems too large,,,,,,,,
9-Mar-2023,7,65,56,06:10,11:10,"CIM, HIMM, RT, FO",CIM,FO,08:00,Leptopogon amaurocephalus,301,12.7,16,13,4,4,0,12.7,RP4,61,NA,y,y,0,1,0,"RP1, 2, 3 still growing, cabeçudo",,,,,,,,
9-Mar-2023,7,65,56,06:10,11:10,"CIM, HIMM, RT, FO",CIM,FO,09:20,Myiothlypis flaveola,302,13.1,22,11,5,3,0,13.1,RP2,65,NA,y,y,0,0,1,,,,,,,,,
9-Mar-2023,7,65,56,06:10,11:10,"CIM, HIMM, RT, FO",CIM,FO,09:20,Asemospiza fuliginosa,303,12.2,18,10,5,7,0,12.2,RP4,60,NA,y,y,0,1,1,,,,,,,,,
9-Mar-2023,7,65,56,06:10,11:10,"CIM, HIMM, RT, FO",CIM,FO,09:20,Asemospiza fuliginosa,304,NA,18,10,7,6,0,NA,RP5,55,NA,n,y,0,1,0,"female, juvenile",,,,,,,,
9-Mar-2023,7,65,56,06:10,11:10,"CIM, HIMM, RT, FO",CIM,FO,10:20,Coereba flaveola,305,NA,19,12,3,4,0,NA,RP1,55,NA,n,y,0,1,0,,,,,,,,,
9-Mar-2023,7,65,56,06:10,11:10,"CIM, HIMM, RT, FO",CIM,FO,11:05,Basileuterus culicivorus,306,10,19,9,4,3,0,10,RP1,55,NA,y,y,0,0,1,,,,,,,,,
9-Mar-2023,7,65,56,06:10,11:10,"CIM, HIMM, RT, FO",CIM,FO,11:05,Basileuterus culicivorus,307,9,19,10,4,4,0,9,RP2,55,NA,y,y,0,0,1,,,,,,,,,
10-Mar-2023,7,66,22,06:25,11:00,"CIM, GGC, RT",-,-,-,no_captures,000,NA,NA,NA,NA,NA,NA,NA,NA,NA,NA,NA,NA,NA,NA,,,,,,,,,,
14-Mar-2023,7,67,64,06:05,11:05,"CIM, GGC, RT",GGC,RT,10:00,Turdus leucomelas,308,66.2,30.63,17.64,5.03,6.10,0,66.2,RP2,123,NA,y,y,0,1,0,"collected from sheet and bag, seeds! red/orange fruit",,,,,,,,
14-Mar-2023,7,67,64,06:05,11:05,"CIM, GGC, RT",GGC,RT,10:30,Leptopogon amaurocephalus,309,11.9,16.02,11.72,4.61,3.55,0,11.9,RP3,67,NA,y,y,0,1,0,,,,,,,,,
15-Mar-2023,7,68,87,06:50,11:05,"CIM, HIMM, IM",HIMM,CIM,08:10,Tyrannus melancholicus,310,32.4,16.12,18.41,8.64,7.29,0,32.4,RP6,102,NA,y,y,0,1,1,,,,,,,,,
15-Mar-2023,7,68,87,06:50,11:05,"CIM, HIMM, IM",HIMM,CIM,08:50,Myiothlypis flaveola,311,14.3,22.11,10.91,3.35,3.50,0,14.3,LP1,64,NA,y,y,0,0,1,,,,,,,,,
15-Mar-2023,7,68,87,06:50,11:05,"CIM, HIMM, IM",HIMM,CIM,08:50,Tolmomyias sulphurescens,312,15.5,18.30,11.60,5.50,3.93,0,15.5,LP1,69,NA,y,y,0,1,1,juvenile,,,,,,,,
15-Mar-2023,7,68,87,06:50,11:05,"CIM, HIMM, IM",HIMM,CIM,08:50,Lathrotriccus euleri,313,12.5,17.65,11.83,5.51,3.71,0,12.5,LP3,60,NA,y,y,0,1,0,*feces collected from sheet,,,,,,,,
15-Mar-2023,7,68,87,06:50,11:05,"CIM, HIMM, IM",HIMM,CIM,08:50,Arremon flavirostris,314,29.6,24.78,14.10,5.13,7.06,0,29.6,RP5,77,NA,y,y,0,1,0,,,,,,,,,
15-Mar-2023,7,68,87,06:50,11:05,"CIM, HIMM, IM",CIM,CIM,10:20,Clibanornis rectirostris,315,41.3,26.02,21.93,4.91,5.64,0,41.3,RP1,90,NA,y,y,0,0,1,,,,,,,,,
15-Mar-2023,7,68,87,06:50,11:05,"CIM, HIMM, IM",CIM,CIM,10:20,Coereba flaveola,316,9.9,16.04,13.13,3.15,3.59,0,9.9,RP3,59,NA,y,y,0,1,0,,,,,,,,,
20-Mar-2023,7,69,207,06:20,11:00,"CIM, FO, GGC, RT",FO,GGC,06:55,Myiothlypis flaveola,317,12.8,22.63,11.12,4.03,3.38,0,12.8,RP3,67,NA,y,y,0,0,1,,,,,,,,,
20-Mar-2023,7,69,207,06:20,11:00,"CIM, FO, GGC, RT",FO,GGC,06:55,Arremon flavirostris,318,25.3,24.95,13.90,5.78,7.07,0,25.3,RP1,75,NA,y,y,0,1,0,little material collected ,,,,,,,,
20-Mar-2023,7,69,207,06:20,11:00,"CIM, FO, GGC, RT",FO,GGC,07:40,Basileuterus culicivorus,319,9.1,19.87,9.37,3.79,3.27,0,9.1,RP3,60,NA,y,y,0,0,1,,,,,,,,,
20-Mar-2023,7,69,207,06:20,11:00,"CIM, FO, GGC, RT",FO,GGC,09:00,Thraupis sayaca,320,29.6,19.23,12.82,6.12,6.71,0,29.6,RP1,97,NA,y,y,0,1,0,,,,,,,,,
20-Mar-2023,7,69,207,06:20,11:00,"CIM, FO, GGC, RT",FO,GGC,11:00,Ramphocelus carbo,321,28.9,22.33,15.55,7.62,8.29,0,28.9,RP2,88,NA,y,y,0,1,0,321* collected from sheet,,,,,,,,
20-Mar-2023,7,69,207,06:20,11:00,"CIM, FO, GGC, RT",FO,GGC,11:00,Ramphocelus carbo,322,31.3,22.66,16.10,7.90,7.52,0,31.3,RP3,87,NA,y,y,0,1,0,,,,,,,,,
22-Mar-2023,8,70,20,06:40,11:15,"CIM, HIMM, RT, GGC",CIM,GGC,09:40,Basileuterus culicivorus,323,9,18.31,9.59,3.49,3.17,0,9,RP3,62,NA,y,y,0,0,1,,,,,,,,,
22-Mar-2023,8,70,20,06:40,11:15,"CIM, HIMM, RT, GGC",CIM,GGC,09:40,Basileuterus culicivorus,324,8.6,18.90,10.12,3.73,3.27,0,8.6,RP4,56,NA,y,y,0,0,1,,,,,,,,,
22-Mar-2023,8,70,20,06:40,11:15,"CIM, HIMM, RT, GGC",CIM,GGC,11:00,Asemospiza fuliginosa,325,12.2,16.44,10.53,5.61,6.78,0,12.2,RP1,61,NA,y,y,0,1,1,male,,,,,,,,
22-Mar-2023,8,70,20,06:40,11:15,"CIM, HIMM, RT, GGC",CIM,GGC,11:00,Leptopogon amaurocephalus,326,11,15.64,12.28,3.88,3.80,0,11,RP2,70,NA,y,y,0,1,0,juvenile,,,,,,,,
22-Mar-2023,8,70,20,06:40,11:15,"CIM, HIMM, RT, GGC",CIM,GGC,11:00,Asemospiza fuliginosa,327,15.2,15.36,10.06,5.20,7.03,0,15.2,RP2,60,NA,y,y,0,1,1,female,,,,,,,,
22-Mar-2023,8,70,20,06:40,11:15,"CIM, HIMM, RT, GGC",CIM,GGC,11:00,Automolus leucophthalmus,328,32,22.67,19.33,4.93,6.45,0,32,RP2,93,NA,n,y,0,0,0,,,,,,,,,
23-Mar-2023,7,71,88,06:45,11:00,"CIM, LBS",LBS,CIM,09:30,Basileuterus culicivorus,329,9.21,19.19,9.10,3.31,3.40,0,9.21,RP2,57,NA,y,y,0,0,1,,,,,,,,,
24-Mar-2023,7,72,84,06:45,11:15,"CIM, IG, LBP",LBP,CIM,08:10,Turdus leucomelas,330,79.2,36.38,19.35,6.53,6.62,0,79.2,RP8,123,NA,y,y,0,1,0,,,,,,,,,
24-Mar-2023,7,72,84,06:45,11:15,"CIM, IG, LBP",LBP,CIM,09:00,Myiothlypis flaveola,331,13.3,22.35,10.97,4.27,3.21,0,13.3,LP3,65,NA,y,y,0,0,1,,,,,,,,,
24-Mar-2023,7,72,84,06:45,11:15,"CIM, IG, LBP",LBP,CIM,09:00,Myiothlypis flaveola,332,11.6,21.88,11.79,4.35,3.60,0,11.6,LP4,59,NA,y,y,0,0,1,,,,,,,,,
28-Mar-2023,8,73,90,06:15,11:00,"CIM, GGC, RT, EC",-,-,-,no_captures,000,NA,NA,NA,NA,NA,NA,NA,NA,NA,NA,NA,NA,NA,NA,,,,,,,,,,
29-Mar-2023,8,74,206,06:25,11:00,"CIM, HIMM, VMG",VMG,CIM,08:45,Basileuterus culicivorus,333,9.3,19.21,8.98,3.58,3.39,0,9.3,RP2,57,NA,y,y,0,0,1,,,,,,,,,
29-Mar-2023,8,74,206,06:25,11:00,"CIM, HIMM, VMG",VMG,CIM,08:45,Basileuterus culicivorus,334,NA,NA,NA,NA,NA,NA,NA,NA,NA,NA,y,n,0,0,1,escaped,,,,,,,,
29-Mar-2023,8,74,206,06:25,11:00,"CIM, HIMM, VMG",VMG,CIM,09:30,Myiothlypis flaveola,335,12.4,22.74,12.05,3.98,3.46,0,12.4,RP4,64,NA,y,y,0,0,1,,,,,,,,,
29-Mar-2023,8,74,206,06:25,11:00,"CIM, HIMM, VMG",VMG,CIM,09:30,Myiothlypis flaveola,336,13.1,22.80,11.56,3.78,3.24,0,13.1,RP5,64,NA,y,y,0,0,1,,,,,,,,,
29-Mar-2023,8,74,206,06:25,11:00,"CIM, HIMM, VMG",VMG,CIM,10:25,Myiothlypis flaveola,337,13.5,22.07,11.33,3.44,3.13,0,13.5,RP6,65,NA,y,y,0,0,1,,,,,,,,,
31-Mar-2023,8,75,56,06:25,11:00,"CIM, IG, RT",CIM,IG,07:00,Cranioleuca vulpina,338,17.7,24.51,12.79,3.76,4.11,0,17.7,RP1,70,NA,n,y,0,0,0,,,,,,,,,
31-Mar-2023,8,75,56,06:25,11:00,"CIM, IG, RT",CIM,IG,08:10,Conopophaga lineata,339,23.1,29.74,12.87,5.40,3.97,0,23.1,RP1,68,NA,y,n,0,0,1,,,,,,,,,
4-Apr-2023,8,76,64,06:05,11:05,"CIM, RT, GGC",CIM,GGC,08:10,Myiothlypis flaveola,340,12.5,23.37,11.29,4.10,3.48,0,12.5,RP4,69,NA,y,y,0,0,1,"recaptured at 10:10, but released immediately ",,,,,,,,
4-Apr-2023,8,76,64,06:05,11:05,"CIM, RT, GGC",CIM,GGC,09:40,Coereba flaveola,341,9.6,15.53,12.25,3.76,3.49,0,9.6,RP1,62,NA,y,y,0,1,1,,,,,,,,,
4-Apr-2023,8,76,64,06:05,11:05,"CIM, RT, GGC",CIM,GGC,10:50,Myiothlypis flaveola,342,13.2,22.96,11.30,4.24,3.68,0,13.2,RP5,70,NA,y,y,0,0,1,,,,,,,,,
4-Apr-2023,8,76,64,06:05,11:05,"CIM, RT, GGC",CIM,GGC,11:00,Sporophila sp.,343,12.1,15.93,10.10,5.33,5.96,0,12.1,LP1,58,NA,y,y,0,1,1,Sporophilla sp.,,,,,,,,
6-Apr-2023,8,77,22,06:20,11:00,"CIM, VMG, RSCA",CIM,VMG,08:40,Basileuterus culicivorus,344,9.5,18.67,9.30,3.53,3.29,0,9.5,RP1,59,NA,y,y,0,0,1,,,,,,,,,
6-Apr-2023,8,77,22,06:20,11:00,"CIM, VMG, RSCA",CIM,CIM,11:00,Myiothlypis flaveola,345,12.8,22.94,11.34,3.85,3.60,0,12.8,RP4,62,NA,y,y,1,0,1,possible recap?,,,,,,,,
11-Apr-2023,8,78,207,06:40,11:00,"CIM, GGC, EC",CIM,GGC,08:30,Myiothlypis flaveola,346,12.2,22.47,11.35,3.85,3.50,0,12.2,RP4,64,NA,y,y,0,0,1,,,,,,,,,
12-Apr-23,8,79,87,06:40,11:00,"CIM, LC",LC,CIM,07:45,Platyrinchus mystaceus,347,NA,15.01,9.55,6.39,2.88,0,NA,RP2,50,NA,y,y,0,0,1,"*collected from sheet, escaped",,,,,,,,
12-Apr-23,8,79,87,06:40,11:00,"CIM, LC",LC,CIM,09:30,Myiothlypis flaveola,348,13.9,23.42,11.03,4.13,3.36,0,13.9,RP1,61,NA,y,y,1,0,1,recap,,,,,,,,
13-Apr-23,8,80,88,06:15,11:00,"CIM, GGC, HIMM",CIM,GGC,07:20,Basileuterus culicivorus x Myiothlypis flaveola,349,13.7,22.70,11.13,4.09,3.25,0,13.7,LP4,63,NA,y,y,0,0,1,hybrid!,,,,,,,,
13-Apr-23,8,80,88,06:15,11:00,"CIM, GGC, HIMM",CIM,GGC,07:50,Myiothlypis flaveola,350,13.4,22.82,11.16,4.41,3.43,0,13.4,LP5,72,65,y,y,0,0,1,,,,,,,,,
13-Apr-23,8,80,88,06:15,11:00,"CIM, GGC, HIMM",CIM,GGC,07:50,Conopophaga lineata,351,22,26.64,11.40,5.87,3.93,0,22,RP1,75,66,y,y,0,0,1,,,,,,,,,
13-Apr-23,8,80,88,06:15,11:00,"CIM, GGC, HIMM",CIM,GGC,09:05,Turdus leucomelas,352,74.9,33,20.51,5.76,6.31,0,74.9,RP8,120,100,y,n,0,1,0,*collected from sheet,,,,,,,,
17-Apr-23,8,81,84,06:15,11:00,"CIM, RSCA",RSCA,CIM,08:30,Myiothlypis flaveola,353,13.9,23.02,11.8,4.2,3.59,0,13.9,LP6,68,NA,y,y,0,0,1,,,,,,,,,
17-Apr-23,8,81,84,06:15,11:00,"CIM, RSCA",CIM,CIM,11:00,Myiothlypis flaveola,354,12.7,21.87,11.38,4.06,3.64,0,12.7,LP7,59,NA,y,y,0,0,1,,,,,,,,,
20-Apr-23,9,82,206,06:30,11:10,"CIM, VMG",VMG,CIM,07:35,Basileuterus culicivorus,355,9.2,18.05,9.66,3.42,3.06,0,9.2,RP3,58,52,y,y,0,0,0,,,,,,,,,
20-Apr-23,9,82,206,06:30,11:10,"CIM, VMG",CIM,VMG,09:30,Myiothlypis flaveola,356,17.5,23.71,10.47,3.9,3.65,0,17.5,RP7,68,57,y,y,0,0,1,,,,,,,,,
21-Apr-23,9,83,90,06:20,11:00,"CIM, GGC, RSCA, MCC",CIM,GGC,09:35,Stelgidopteryx ruficollis,357,14.2,10.06,7.13,4.03,2.24,0,14.2,RP2,102,51,y,y,0,0,1,,,,,,,,,
25-Apr-23,9,84,64,06:00,11:15,"CIM, GGC, RSCA",-,-,-,no_captures,000,NA,NA,NA,NA,NA,NA,NA,NA,NA,NA,NA,NA,NA,NA,,,,,,,,,,
27-Apr-23,9,85,88,06:20,11:10,"CIM, RSCA, LC",LC,CIM,06:50,Cnemotriccus fuscatus,358,12.6,17.13,12.93,5.26,3.92,0,12.6,LP2,68,NA,y,y,0,1,0,*collected from sheet ,,,,,,,,
27-Apr-23,9,85,88,06:20,11:10,"CIM, RSCA, LC",LC,CIM,08:30,Turdus leucomelas,359,59.4,32.08,19.18,5.07,5.9,0,59.4,RP9,116,NA,y,n,0,1,0,,,,,,,,,
27-Apr-23,9,85,88,06:20,11:10,"CIM, RSCA, LC",LC,CIM,09:20,Chiroxiphia galeata,360,22.2,20.03,6.69,4.45,3.97,0,22.2,RP1,80,NA,y,y,0,1,1,"male, seeds! Melastomataceae ",,,,,,,,
27-Apr-23,9,85,88,06:20,11:10,"CIM, RSCA, LC",LC,CIM,10:00,Myiothlypis flaveola,361,11.6,21.23,11.55,4.11,3.24,0,11.6,RP6,60,NA,y,y,0,0,1,,,,,,,,,
28-Apr-23,9,86,20,06:35,11:00,"CIM, RSCA, GGC",CIM,GGC,09:00,Platyrinchus mystaceus,362,7.8,15.65,9.37,6.98,2.69,0,7.8,RP8,47,41,y,y,0,0,1,,,,,,,,,
28-Apr-23,9,86,20,06:35,11:00,"CIM, RSCA, GGC",CIM,GGC,09:00,Eucometis penicillata,363,27.2,21.0,15.83,6.73,7.15,0,27.2,RP8,87,75,y,y,0,1,0,,,,,,,,,
28-Apr-23,9,86,20,06:35,11:00,"CIM, RSCA, GGC",CIM,GGC,09:40,Platyrinchus mystaceus,364,9,17.57,9.48,6.37,2.55,0,9,RP9,54,49,n,y,0,0,0,,,,,,,,,
1-May-23,9,87,56,06:20,11:00,"CIM, GGC, HIMM",CIM,GGC,11:00,Lathrotriccus euleri,365,12.8,18.44,12.71,4.98,3.83,0,12.8,RP1,67,55,y,y,0,1,0,,,,,,,,,
10-May-23,9,88,87,07:00,11:00,"CIM, LQ",LQ,CIM,07:30,Basileuterus culicivorus x Myiothlypis flaveola,366,11.9,22.78,11.03,4.07,3.23,0,11.9,LP4,58,54,y,n,1,0,1,,,,,,,,,
10-May-23,9,88,87,07:00,11:00,"CIM, LQ",LQ,CIM,07:30,Lathrotriccus euleri,367,13.4,17.24,11.19,5.46,3.83,0,13.4,LP5,63,53,y,n,1,1,0,,,,,,,,,
10-May-23,9,88,87,07:00,11:00,"CIM, LQ",LQ,CIM,07:30,Arremon flavirostris,368,28.5,24.63,14.11,6.09,7.06,0,28.5,RP5,77,71,y,n,1,1,0,,,,,,,,,
10-May-23,9,88,87,07:00,11:00,"CIM, LQ",LQ,CIM,07:30,Arremon flavirostris,369,NA,NA,NA,NA,NA,NA,NA,NA,NA,NA,y,y,0,1,0,escaped,,,,,,,,
12-May-23,9,89,22,06:30,11:00,"CIM, GGC",CIM,GGC,08:00,Turdus amaurochalinus,370,65.4,32.02,17.72,5.54,6.55,0,65.4,RP1,113,94,y,y,0,1,0,juvenile,,,,,,,,
12-May-23,9,89,22,06:30,11:00,"CIM, GGC",CIM,GGC,08:30,Eucometis penicillata,371,NA,NA,NA,NA,NA,NA,NA,NA,NA,NA,y,n,0,1,1,escaped,,,,,,,,
12-May-23,9,89,22,06:30,11:00,"CIM, GGC",CIM,GGC,08:30,Eucometis penicillata,372,26.1,21.21,16.37,7.01,7.24,0,26.1,RP2,95,81,y,y,0,1,0,,,,,,,,,
12-May-23,9,89,22,06:30,11:00,"CIM, GGC",CIM,GGC,08:30,Eucometis penicillata,373,27.7,21.41,16.10,7.22,7.45,0,27.7,RP3,91,79,y,y,0,1,0,RP4 growing,,,,,,,,
12-May-23,9,89,22,06:30,11:00,"CIM, GGC",CIM,GGC,08:30,Eucometis penicillata,374,28.7,21.77,16.14,7.05,7.87,0,28.7,RP4,93,79,y,y,0,1,0,,,,,,,,,
12-May-23,9,89,22,06:30,11:00,"CIM, GGC",CIM,GGC,09:30,Basileuterus culicivorus x Myiothlypis flaveola,375,13.6,21.55,10.23,3.91,3.48,0,13.6,RP1,70,55,y,y,0,0,1,hybrid!,,,,,,,,
12-May-23,9,89,22,06:30,11:00,"CIM, GGC",CIM,GGC,10:00,Leptotila verreauxi,376,187,32.42,17.21,3.57,4.19,0,187,RP2,145,125,y,y,0,1,1,,,,,,,,,
12-May-23,9,89,22,06:30,11:00,"CIM, GGC",CIM,GGC,10:00,Lathrotriccus euleri,377,11,15.72,12.54,5.87,3.81,0,11,RP2,68,56,y,y,0,1,0,,,,,,,,,
16-May-23,10,90,206,06:30,11:00,"CIM, GGC",CIM,GGC,08:00,Basileuterus culicivorus,378,9.0,19.60,10.43,3.78,3.05,0,9,RP4,59,51,y,y,0,0,1,,,,,,,,,
16-May-23,10,90,206,06:30,11:00,"CIM, GGC",CIM,GGC,10:10,Myiothlypis flaveola,379,13.5,23.39,11.06,3.62,3.19,0,13.5,RP5,63,55,y,y,1,0,1,,,,,,,,,
16-May-23,10,90,206,06:30,11:00,"CIM, GGC",CIM,GGC,11:00,Turdus leucomelas,380,74,33.53,20.30,5.55,6.72,0,74,RP3,125,96,y,y,0,1,0,,,,,,,,,
19-May-23,9,91,84,07:00,11:15,"CIM, LBP, IG",CIM,IG,08:30,Chiroxiphia galeata,381,22,20.24,9.07,4.05,4.11,0,22,RP3,77,70,y,y,0,1,0,"*collected from sheet, seeds! female",,,,,,,,
23-May-23,9,92,207,07:00,11:00,"CIM, GGC",CIM,GGC,08:30,Thamnophilus caerulescens,382,19.1,22.73,14.25,4.67,5.58,0,19.1,RP1,70,65,y,y,0,1,1,antshrike!,,,,,,,,
23-May-23,9,92,207,07:00,11:00,"CIM, GGC",CIM,GGC,08:30,Platyrinchus mystaceus,383,7.7,16.24,9.34,8.07,2.60,0,7.7,RP3,47,41,n,y,0,0,0,,,,,,,,,
23-May-23,9,92,207,07:00,11:00,"CIM, GGC",CIM,GGC,09:10,Chiroxiphia galeata,384,23,19.75,9.05,4.79,4.18,0,23,RP2,82,76,y,y,1,1,0,"* collected from the sheet, male, seeds!",,,,,,,,
23-May-23,9,92,207,07:00,11:00,"CIM, GGC",CIM,GGC,09:10,Chiroxiphia galeata,385,21.5,20.34,7.61,3.98,3.80,0,21.5,RP3,80,71,y,y,1,1,1,"* collected from the sheet, male, seeds!",,,,,,,,
23-May-23,9,92,207,07:00,11:00,"CIM, GGC",CIM,GGC,09:50,Myiornis auricularis,386,4.6,13,8.14,3.16,2.46,0,4.6,RP1,36,32,y,y,0,0,1,,,,,,,,,
23-May-23,9,92,207,07:00,11:00,"CIM, GGC",CIM,GGC,09:50,Cnemotriccus fuscatus,387,13.4,17.99,12.36,5.67,3.87,0,13.4,RP3,68,56,y,y,0,1,0,"* feces collected from sheet, 8.33 opening ",,,,,,,,
23-May-23,9,92,207,07:00,11:00,"CIM, GGC",CIM,GGC,11:00,Myiothlypis flaveola,388,14.1,22.47,11.43,4.05,3.50,0,14.1,RP4,59,54,y,n,0,0,0,,,,,,,,,
23-May-23,9,92,207,07:00,11:00,"CIM, GGC",CIM,GGC,11:00,Myiothlypis flaveola,389,13.2,22.16,10.83,4.51,3.55,0,13.2,RP5,64,60,y,y,0,0,0,,,,,,,,,
24-May-23,10,93,90,06:30,11:00,"CIM, GGC, HIMM",CIM,GGC,08:30,Myiothlypis flaveola,390,13.4,22.50,10.10,4.01,3.54,0,13.4,LP6,68,60,y,y,1,0,1,,,,,,,,,
24-May-23,10,93,90,06:30,11:00,"CIM, GGC, HIMM",CIM,GGC,10:30,Lathrotriccus euleri,391,10.4,13.47,10.86,5.26,3.39,0,10.4,RP3,64,51,y,y,0,1,0,,,,,,,,,
25-May-23,10,94,20,06:40,11:00,"CIM, GGC, VMG",CIM,GGC,07:10,Platyrinchus mystaceus,392,8.9,17.5,9.31,6.22,2.70,0,8.9,RP9,54,49,n,n,1,0,0,recap,,,,,,,,
25-May-23,10,94,20,06:40,11:00,"CIM, GGC, VMG",VMG,GGC,07:50,Dysithamnus mentalis,393,12.8,21.40,13.11,4.13,4.24,0,12.8,RP1,61,56,y,y,0,1,1,male,,,,,,,,
25-May-23,10,94,20,06:40,11:00,"CIM, GGC, VMG",VMG,GGC,10:15,Platyrinchus mystaceus,394,8.1,15.66,9.38,6.85,2.81,0,8.1,RP8,65,42,n,n,0,0,0,,,,,,,,,
25-May-23,10,94,20,06:40,11:00,"CIM, GGC, VMG",VMG,GGC,11:00,Xenops rutilans,395,11.1,14.68,11.07,2.61,4.85,0,11.1,RP1,67,54,y,y,0,0,1,* collected from sheet ,,,,,,,,
30-May-23,10,95,64,06:30,11:00,"CIM, GGC, BCMC",CIM,GGC,08:50,Myiothlypis flaveola,396,13.9,23.89,11.76,4.44,3.62,0,13.9,RP6,66,55,y,y,0,0,1,,,,,,,,,
30-May-23,10,95,64,06:30,11:00,"CIM, GGC, BCMC",CIM,GGC,10:00,Leptopogon amaurocephalus,397,10.2,14.87,12.35,4.03,3.43,0,10.2,RP4,63,56,y,y,0,1,0,* collected from Gui's finger,,,,,,,,
30-May-23,10,95,64,06:30,11:00,"CIM, GGC, BCMC",CIM,GGC,11:00,Asemospiza fuliginosa,398,12.5,16.62,9.98,5.32,6.69,0,12.5,RP2,60,50,y,y,0,1,1,,,,,,,,,
1-Jun-2023,10,96,56,06:45,11:00,"CIM, GGC",CIM,GGC,07:20,Arremon flavirostris,399,27.9,25.36,14.20,5.82,7.59,0,27.9,RP1,80,74,n,y,0,1,0,,,,,,,,,
1-Jun-2023,10,96,56,06:45,11:00,"CIM, GGC",CIM,GGC,08:00,Eucometis penicillata,400,27.1,21.73,15.96,7.01,6.99,0,27.1,RP2,82,70,y,y,0,1,0,"*collected from the sheet, seeds!!",,,,,,,,
1-Jun-2023,10,96,56,06:45,11:00,"CIM, GGC",CIM,GGC,08:00,Thamnophilus caerulescens,401,19.8,22.87,14.25,4.39,5.56,0,19.8,RP2,68,62,y,y,0,1,1,,,,,,,,,
1-Jun-2023,10,96,56,06:45,11:00,"CIM, GGC",CIM,GGC,10:30,Leptopogon amaurocephalus,402,11.8,15.91,12.89,4.13,3.57,0,11.8,RP3,66,55,y,n,1,1,1,"recap, * collected from sheet",,,,,,,,
1-Jun-2023,10,96,56,06:45,11:00,"CIM, GGC",CIM,GGC,10:30,Platyrinchus mystaceus,403,NA,17.14,9.24,6.49,2.87,0,NA,RP1,54,45,y,n,0,0,1,* collected from sheet,,,,,,,,
2-Jun-2023,10,97,88,07:00,11:00,"CIM, CAM",CAM,CIM,10:30,Cnemotriccus fuscatus,404,13.2,18.89,12.78,5.00,3.77,0,13.2,RP4,69,61,y,y,0,1,0,,,,,,,,,
7-Jun-2023,10,98,22,06:50,11:00,"CIM, GGC, HIMM, CAM",CIM,GGC,11:00,Automolus leucophthalmus,405,34.6,23.58,19.51,4.53,6.22,0,34.6,RP1,86,74,y,y,0,0,1,correct tube!!,,,,,,,,
8-Jun-2023,10,99,87,06:45,11:00,"CIM, RSCA",RSCA,CIM,08:00,Turdus leucomelas,406,68.5,33.09,19.22,5.66,6.26,0,68.5,RP9,119,95,y,y,0,1,0,2 samples collected from sheet (406*),,,,,,,,
8-Jun-2023,10,99,87,06:45,11:00,"CIM, RSCA",RSCA,CIM,08:00,Myiothlypis flaveola,407,12.4,21.89,10.81,4.04,3.36,0,12.4,LP1,64,58,y,n,1,0,1,recap!,,,,,,,,
8-Jun-2023,10,99,87,06:45,11:00,"CIM, RSCA",RSCA,CIM,08:00,Dryobates passerinus,408,11,13.08,10.32,3.94,4.73,0,11,RP2,55,49,n,y,0,0,0,,,,,,,,,
8-Jun-2023,10,99,87,06:45,11:00,"CIM, RSCA",RSCA,CIM,08:00,Platyrinchus mystaceus,409,8.1,16.31,9.94,6.81,2.92,0,8.1,RP3,51,44,y,y,0,0,1,,,,,,,,,
8-Jun-2023,10,99,87,06:45,11:00,"CIM, RSCA",RSCA,CIM,09:00,Chiroxiphia galeata,410,22.1,19.67,6.33,4.05,4.27,0,22.1,RP2,79,73,y,y,0,1,0,"male, *collected from sheet, large seed from Trichilia regurgitated",,,,,,,,
8-Jun-2023,10,99,87,06:45,11:00,"CIM, RSCA",RSCA,CIM,09:50,Platyrinchus mystaceus,411,7.2,15.21,10.04,6.14,2.79,0,7.2,RP2,49,45,n,y,1,0,1,recap! ,,,,,,,,
13-Jun-2023,10,100,207,07:00,11:00,"CIM, RT",RT,CIM,08:15,Chiroxiphia galeata,412,25.3,19.55,8.42,8.42,4.38,0,25.3,RP4,81,74,y,n,0,1,0,"*collected from sheet, male, seeds!",,,,,,,,
13-Jun-2023,10,100,207,07:00,11:00,"CIM, RT",RT,CIM,09:00,Malacoptila striata,413,46.9,20.23,24.09,7.76,9.63,0,46.9,RP2,98,90,n,y,0,0,0,,,,,,,,,
20-Jun-2023,11,101,206,06:40,11:00,"CIM, GGC",CIM,GGC,08:20,Myiothlypis flaveola,414,12.4,23.49,10.80,3.92,3.20,0,12.4,RP5,64,54,y,y,1,0,1,recap! Released feather,,,,,,,,
20-Jun-2023,11,101,206,06:40,11:00,"CIM, GGC",CIM,GGC,08:20,Basileuterus culicivorus,415,9.5,17.99,10.67,3.39,3.18,0,9.5,RP3,59,51,y,n,1,0,1,recap!,,,,,,,,
20-Jun-2023,11,101,206,06:40,11:00,"CIM, GGC",CIM,GGC,11:00,Lathrotriccus euleri,416,10.8,13.32,10.89,5.31,3.10,0,10.8,RP1,65,51,y,y,0,1,0,,,,,,,,,
23-Jun-2023,11,102,56,06:35,11:00,"CIM, GGC, RT",CIM,GGC,09:10,Turdus amaurochalinus,417,63,33.25,19.49,5.10,5.99,0,63,RP1,112,95,y,y,0,1,1,collected from sheet *,,,,,,,,
23-Jun-2023,11,102,56,06:35,11:00,"CIM, GGC, RT",CIM,GGC,09:40,Coereba flaveola,418,9.7,16.57,12.98,3.70,3.64,0,9.7,RP2,60,50,n,y,0,1,0,,,,,,,,,
23-Jun-2023,11,102,56,06:35,11:00,"CIM, GGC, RT",CIM,GGC,10:00,Tachyphonus coronatus,419,25.8,21.25,14.71,5.49,6.70,0,25.8,RP2,85,71,y,y,0,1,0,seeds! Male,,,,,,,,
23-Jun-2023,11,102,56,06:35,11:00,"CIM, GGC, RT",CIM,GGC,11:00,Tachyphonus coronatus,420,26.3,22.54,15.15,6.86,6.68,0,26.3,RP1,82,70,y,y,0,1,0,"female, * from sheet",,,,,,,,
24-Jun-2023,10,103,84,07:00,11:15,"CIM, IG, VMG, AJOS",VMG,IG,07:30,Myiothlypis flaveola,421,12.1,22.02,11.91,4.08,3.68,0,12.1,LP7,56,53,y,n,1,0,1,recap,,,,,,,,
24-Jun-2023,10,103,84,07:00,11:15,"CIM, IG, VMG, AJOS",VMG,IG,07:30,Turdus leucomelas,422,72.2,35.74,19.65,5.33,7.40,0,72.2,RP10,115,97,y,y,0,1,0,fruit in feces,,,,,,,,
24-Jun-2023,10,103,84,07:00,11:15,"CIM, IG, VMG, AJOS",CIM,IG,08:50,Myiothlypis flaveola,423,14.0,23.60,11.32,4.26,3.79,0,14,LP6,68,65,n,n,1,0,0,recap,,,,,,,,
24-Jun-2023,10,103,84,07:00,11:15,"CIM, IG, VMG, AJOS",VMG,IG,10:05,Turdus leucomelas,424,76.3,35.50,19.22,5.41,6.20,0,76.3,RP11,116,95,y,y,0,1,1,fruit in feces,,,,,,,,
27-Jun-2023,11,104,90,06:40,11:00,"CIM, GGC, RT",CIM,GGC,08:40,Myiothlypis flaveola,425,13,23.60,12.04,4.37,3.59,0,13,LP8,64,55,y,y,0,0,1,,,,,,,,,
27-Jun-2023,11,104,90,06:40,11:00,"CIM, GGC, RT",CIM,GGC,09:15,Myiothlypis flaveola,426,13.6,22.92,11.19,3.61,3.30,0,13.6,LP9,63,54,y,y,0,0,1,,,,,,,,,
29-Jun-2023,11,105,64,06:40,11:00,"CIM, GGC, RT",CIM,GGC,09:30,Eucometis penicillata,427,25.8,21.14,15.81,6.69,7.30,0,25.8,RP2,91,76,y,y,0,1,0,,,,,,,,,
29-Jun-2023,11,105,64,06:40,11:00,"CIM, GGC, RT",CIM,GGC,09:50,Tolmomyias sulphurescens,428,15,18.02,11.42,5.28,3.69,0,15,RP1,69,60,y,y,0,1,1,,,,,,,,,
29-Jun-2023,11,105,64,06:40,11:00,"CIM, GGC, RT",CIM,GGC,09:50,Tolmomyias sulphurescens,429,15.6,18.72,11.81,6.26,3.98,0,15.6,RP2,66,56,y,y,0,1,1,,,,,,,,,
29-Jun-2023,11,105,64,06:40,11:00,"CIM, GGC, RT",CIM,GGC,10:20,Sittasomus griseicapillus,430,13,17.39,12.29,3.44,3.55,0,13,RP1,77,60,y,y,0,0,1,collected from sheet,,,,,,,,
29-Jun-2023,11,105,64,06:40,11:00,"CIM, GGC, RT",CIM,GGC,10:50,Arremon flavirostris,431,31.4,26.14,14.13,5.80,7.84,0,31.4,RP4,74,68,y,y,0,1,0,,,,,,,,,
29-Jun-2023,11,105,64,06:40,11:00,"CIM, GGC, RT",CIM,GGC,10:50,Tachyphonus coronatus,432,26.2,20.93,14.59,7.27,7.05,0,26.2,RP1,83,71,y,y,0,1,0,seeds in poop!,,,,,,,,
29-Jun-2023,11,105,64,06:40,11:00,"CIM, GGC, RT",CIM,GGC,10:50,Synallaxis ruficapilla,433,14.2,19.97,11.65,2.49,3.51,0,14.2,RP1,58,51,n,y,0,0,0,,,,,,,,,
29-Jun-2023,11,105,64,06:40,11:00,"CIM, GGC, RT",CIM,GGC,10:50,Synallaxis ruficapilla,434,14.1,19.53,11.89,3.13,3.39,0,14.1,RP2,57,50,n,y,0,0,0,,,,,,,,,
1-Jul-2023,11,106,88,06:50,11:00,"CIM, JB, PC",-,-,-,no_captures,000,NA,NA,NA,NA,NA,NA,NA,NA,NA,NA,NA,NA,NA,NA,,,,,,,,,,
4-Jul-2023,11,107,87,07:15,11:00,"CIM, NPN, EC",-,-,-,no_captures,000,NA,NA,NA,NA,NA,NA,NA,NA,NA,NA,NA,NA,NA,NA,,,,,,,,,,
5-Jul-2023,11,108,20,06:45,11:00,"CIM, GGC, RT",CIM,GGC,08:50,Platyrinchus mystaceus,435,8.9,17.22,9.18,6.55,2.45,0,8.9,RP9,54,48,y,n,1,0,1,recap!,,,,,,,,
5-Jul-2023,11,108,20,06:45,11:00,"CIM, GGC, RT",CIM,GGC,08:50,Platyrinchus mystaceus,436,9,17.05,10.18,6.79,2.90,0,9,RP10,55,47,n,y,0,0,0,,,,,,,,,
5-Jul-2023,11,108,20,06:45,11:00,"CIM, GGC, RT",CIM,GGC,08:50,Manacus manacus,437,16.1,19.27,10.03,4.11,3.67,0,16.1,RP4,51,49,y,y,0,1,0,"female, feces collected from sheet, seeds!",,,,,,,,
5-Jul-2023,11,108,20,06:45,11:00,"CIM, GGC, RT",CIM,GGC,08:50,Leptopogon amaurocephalus,438,11.5,15.75,11.62,4.00,3.51,0,11.5,RP3,66,55,n,y,0,1,0,,,,,,,,,
5-Jul-2023,11,108,20,06:45,11:00,"CIM, GGC, RT",CIM,GGC,09:50,Sittasomus griseicapillus,439,12.8,18.41,10.86,3.58,3.30,0,12.8,RP3,79,63,y,y,0,0,1,,,,,,,,,
5-Jul-2023,11,108,20,06:45,11:00,"CIM, GGC, RT",CIM,GGC,10:20,Sittasomus griseicapillus,440,11.2,16.95,10.02,3.33,3.04,0,11.2,RP4,69,56,n,y,0,0,1,,,,,,,,,
5-Jul-2023,11,108,20,06:45,11:00,"CIM, GGC, RT",CIM,GGC,11:00,Sporophila sp.,441,12.9,15.80,10.36,5.84,6.58,0,12.9,LP1,59,48,y,y,0,1,1,,,,,,,,,
7-Jul-2023,11,109,22,06:55,11:00,"CIM, GGC, RT",CIM,GGC,07:25,Baryphthengus ruficapillus,442,141.1,32.60,37.06,10.16,13.51,0,141.1,NA,151,142,y,y,0,1,1,forgot to mark,,,,,,,,
7-Jul-2023,11,109,22,06:55,11:00,"CIM, GGC, RT",CIM,GGC,07:50,Sittasomus griseicapillus,443,12.9,18.52,12.13,3.77,3.25,0,12.9,RP3,84,61,n,y,0,0,0,,,,,,,,,
7-Jul-2023,11,109,22,06:55,11:00,"CIM, GGC, RT",CIM,GGC,07:50,Basileuterus culicivorus x Myiothlypis flaveola,444,13.3,22.28,11.02,3.65,3.65,0,13.3,RP1,64.5,56,y,y,1,0,1,"recap, hybrid, resampled feather",,,,,,,,
7-Jul-2023,11,109,22,06:55,11:00,"CIM, GGC, RT",CIM,GGC,08:55,Myiothlypis flaveola,445,13.2,23.28,11.38,3.95,3.61,0,13.2,RP5,63,52,y,y,0,0,1,,,,,,,,,
7-Jul-2023,11,109,22,06:55,11:00,"CIM, GGC, RT",CIM,GGC,10:00,Sittasomus griseicapillus,446,12.8,17.36,10.47,4.07,3.10,0,12.8,RP4,79,60,NA,y,0,0,1,check if feces were collected ,,,,,,,,
11-Jul-2023,11,110,207,07:05,11:00,"CIM, GGC, RT, GSC, CM, IC, JM, MO",CIM,GGC,10:00,Chiroxiphia galeata,447,20.1,18.09,8.86,4.75,4.06,0,20.1,RP1,76,68,y,y,0,1,1,"collected from sheet, seeds! female",,,,,,,,
13-Jul-2023,11,111,84,07:15,11:15,"CIM, GSC, MO, JM",JM,CIM,09:00,Basileuterus culicivorus,448,8.5,18.92,10.04,3.93,3.32,0,8.5,RP1,57,51,y,y,0,0,1,,,,,,,,,
14-Jul-2023,12,112,206,06:50,11:15,"CIM, CM, IC",CM,CIM,08:25,Leptotila verreauxi,449,142.1,30.63,16.62,3.34,4.69,0,142.1,RP2,134,114,y,y,0,1,1,,,,,,,,,
14-Jul-2023,12,112,206,06:50,11:15,"CIM, CM, IC",IC,CIM,09:00,Myiothlypis flaveola,450,12.7,23.50,11.50,3.56,3.36,0,12.7,RP9,66,59,y,n,1,0,1,recap,,,,,,,,
14-Jul-2023,12,112,206,06:50,11:15,"CIM, CM, IC",CM,CIM,09:35,Arremon flavirostris,451,29.8,25.76,15.03,6.24,7.83,0,29.8,RP1,74,71,y,y,0,1,0,,,,,,,,,
14-Jul-2023,12,112,206,06:50,11:15,"CIM, CM, IC",IC,CIM,10:50,Myiothlypis flaveola,452,13.5,22.41,11.37,3.68,3.38,0,13.5,RP10,61,56,y,y,0,0,1,,,,,,,,,
14-Jul-2023,12,112,206,06:50,11:15,"CIM, CM, IC",IC,CIM,10:50,Turdus leucomelas,453,49.1,26.62,16.25,4.33,5.24,0,49.1,RP4,111,87,y,y,0,1,1,,,,,,,,,
18-Jul-2023,12,113,88,06:40,11:00,"CIM, RSCA",RSCA,CIM,08:20,Myiothlypis flaveola,454,13,22.8,11.24,4.02,3.42,0,13,LP8,65,59,y,y,0,0,1,,,,,,,,,
18-Jul-2023,12,113,88,06:40,11:00,"CIM, RSCA",RSCA,CIM,08:50,Turdus leucomelas,455,74,33.73,19.53,5.41,6.66,0,74,NA,119,95,y,n,0,1,0,collected from sheet,,,,,,,,
18-Jul-2023,12,113,88,06:40,11:00,"CIM, RSCA",RSCA,CIM,08:50,Taraba major,456,53.8,35.99,25.25,6.8,8.88,0,53.8,RP2,89,88,y,y,0,1,1,,,,,,,,,
19-Jul-2023,12,114,56,06:35,11:15,"CIM, GGC, RT, RSCA",CIM,GGC,10:10,Pipraeidea melanonota,457,18.7,18.42,9.91,4.76,5.04,0,18.7,RP1,80,55,y,y,0,1,1,,,,,,,,,
21-Jul-2023,12,115,90,06:50,11:00,"CIM, GGC, RT",-,-,-,no_captures,000,NA,NA,NA,NA,NA,NA,NA,NA,NA,NA,NA,NA,NA,NA,,,,,,,,,,
25-Jul-2023,12,116,64,06:35,11:00,"CIM, GGC, RT, DS",CIM,GGC,09:15,Chiroxiphia galeata,458,21.7,19.34,9.32,4.69,4.20,0,21.7,RP1,78,72,y,y,0,1,0,seeds in feces!,,,,,,,,
25-Jul-2023,12,116,64,06:35,11:00,"CIM, GGC, RT, DS",CIM,GGC,09:50,Myiothlypis flaveola,459,13.9,23.87,11.14,4.11,3.67,0,13.9,RP6,76,60,y,n,1,0,1,recap!,,,,,,,,
25-Jul-2023,12,116,64,06:35,11:00,"CIM, GGC, RT, DS",CIM,GGC,11:00,Thlypopsis sordida,460,14.6,21.37,10.80,3.90,4.29,0,14.6,RP1,69,56,y,y,0,1,0,,,,,,,,,
25-Jul-2023,12,116,64,06:35,11:00,"CIM, GGC, RT, DS",CIM,GGC,11:00,Coereba flaveola,461,10.06,17.04,12.51,3.17,3.79,0,10.06,RP1,59,50,y,y,0,1,1,,,,,,,,,
28-Jul-2023,12,117,20,07:10,11:00,"CIM, DS, DC",DC,CIM,07:40,Myiothlypis flaveola,462,13.0,24.00,12.15,4.37,3.51,0,13,RP4,65,58,y,y,0,0,1,,,,,,,,,
28-Jul-2023,12,117,20,07:10,11:00,"CIM, DS, DC",DC,CIM,07:40,Basileuterus culicivorus,463,9.1,19.66,9.99,3.89,3.15,0,9.1,RP5,59,52,y,y,0,0,1,,,,,,,,,
28-Jul-2023,12,117,20,07:10,11:00,"CIM, DS, DC",DC,CIM,07:40,Platyrinchus mystaceus,464,NA,NA,NA,NA,NA,NA,NA,NA,NA,NA,n,NA,0,0,0,escaped,,,,,,,,
28-Jul-2023,12,117,20,07:10,11:00,"CIM, DS, DC",DC,CIM,08:20,Platyrinchus mystaceus,465,8.9,17.71,10.12,5.93,2.52,0,8.9,RP9,55,50,y,n,0,0,1,,,,,,,,,
28-Jul-2023,12,117,20,07:10,11:00,"CIM, DS, DC",DC,CIM,10:10,Leptopogon amaurocephalus,466,12.0,15.79,12.94,4.00,3.52,0,12,RP4,69,59,y,y,0,1,0,,,,,,,,,
28-Jul-2023,12,117,20,07:10,11:00,"CIM, DS, DC",DC,CIM,10:10,Myiothlypis flaveola,467,12.3,21.40,10.93,4.29,3.28,0,12.3,RP5,61,55,y,y,0,0,1,,,,,,,,,
28-Jul-2023,12,117,20,07:10,11:00,"CIM, DS, DC",DC,CIM,10:10,Manacus manacus,468,16.7,21.27,9.96,3.79,3.72,0,16.7,RP5,54,49,y,y,0,1,0,seeds in poop!,,,,,,,,
01-Aug-2023,12,118,87,07:00,11:00,"CIM, LB",LB,CIM,07:30,Myiothlypis flaveola,469,13.1,24.76,10.21,4.00,3.46,0,13.1,LP10,64,58,y,y,0,0,1,"injured right foot, missing middle toe (previous injury, not from mist netting), measured left foot",,,,,,,,
01-Aug-2023,12,118,87,07:00,11:00,"CIM, LB",LB,CIM,09:15,Myiothlypis flaveola,470,12.5,21.85,11.26,3.86,3.39,0,12.5,LP11,63,56,y,y,0,0,1,bald spot on right eye,,,,,,,,
2-Aug-2023,12,119,84,07:00,11:00,"CIM, FO",CIM,FO,09:40,Synallaxis frontalis,471,NA,19.84,10.74,5.25,4.48,0,NA,RP4,56,51,n,y,0,0,0,escaped,,,,,,,,
2-Aug-2023,12,119,84,07:00,11:00,"CIM, FO",CIM,FO,10:10,Basileuterus culicivorus,472,9.9,20.15,10.74,4.59,3.43,0,9.9,RP3,55,50,y,y,0,0,1,,,,,,,,,
2-Aug-2023,12,119,84,07:00,11:00,"CIM, FO",CIM,FO,10:10,Thlypopsis sordida,473,14.5,23.20,11.34,5.82,4.86,0,14.5,RP2,65,55,y,y,0,1,0,,,,,,,,,
2-Aug-2023,12,119,84,07:00,11:00,"CIM, FO",CIM,FO,10:10,Eucometis penicillata,474,29.4,22.86,15.59,8.95,7.84,0,29.4,RP3,95,80,y,y,0,1,1,,,,,,,,,
2-Aug-2023,12,119,84,07:00,11:00,"CIM, FO",CIM,FO,10:10,Basileuterus culicivorus,475,9.0,21.00,9.35,4.71,3.51,0,9,RP4,58,45,y,y,0,0,1,,,,,,,,,
2-Aug-2023,12,119,84,07:00,11:00,"CIM, FO",CIM,FO,10:10,Thlypopsis sordida,476,13.1,21.29,10.17,6.79,4.49,0,13.1,RP3,60,50,n,y,0,1,0,,,,,,,,,
2-Aug-2023,12,119,84,07:00,11:00,"CIM, FO",CIM,FO,11:00,Turdus amaurochalinus,477,71.4,36.03,19.69,10.36,6.83,0,71.4,RP3,115,95,y,y,0,1,0,fruit/seeds in feces,,,,,,,,
4-Aug-2023,12,120,22,07:00,11:15,"CIM, PHPA",PHPA,CIM,08:20,Turdus leucomelas,478,72.5,31.13,21.21,5.69,6.69,0,72.5,RP2,119,95,y,y,0,1,0,,,,,,,,,
10-Aug-2023,12,121,207,07:15,11:00,"CIM, IG, VMG",VMG,IG,09:00,Basileuterus culicivorus,479,NA,20.39,9.29,3.73,3.20,0,NA,RP4,58,49,y,y,0,0,1,,,,,,,,,
10-Aug-2023,12,121,207,07:15,11:00,"CIM, IG, VMG",VMG,IG,09:00,Basileuterus culicivorus,480,8.6,20.88,10.14,3.42,3.39,0,8.6,RP5,51,44,y,y,0,0,1,,,,,,,,,
10-Aug-2023,12,121,207,07:15,11:00,"CIM, IG, VMG",VMG,IG,09:00,Turdus leucomelas,481,65.7,32.75,19.71,5.4,5.98,0,65.7,RP1,120,98,y,y,0,1,1,seeds in the feces! ,,,,,,,,
10-Aug-2023,12,121,207,07:15,11:00,"CIM, IG, VMG",VMG,IG,09:00,Chiroxiphia galeata,482,21.6,20.03,10.77,4.12,3.99,0,21.6,RP5,80,74,y,y,0,1,0,"* collected from sheet, male, seeds in feces!",,,,,,,,
,,,,,,,,,,,,,,,,,,,,,,,,,,,,,,,,,,,
,,,,,,,,,,,,,,,,,,,,,,,,,,,,,,,,,,,
,,,,,,,,,,,,,,,,,,,,,,,,,,,,,,,,,,,
,,,,,,,,,,,,,,,,,,,,,,,,,,,,,,,,,,,
,,,,,,,,,,,,,,,,,,,,,,,,,,,,,,,,,,,
,,,,,,,,,,,,,,,,,,,,,,,,,,,,,,,,,,,
,,,,,,,,,,,,,,,,,,,,,,,,,,,,,,,,,,,
,,,,,,,,,,,,,,,,,,,,,,,,,,,,,,,,,,,
,,,,,,,,,,,,,,,,,,,,,,,,,,,,,,,,,,,
,,,,,,,,,,,,,,,,,,,,,,,,,,,,,,,,,,,
,,,,,,,,,,,,,,,,,,,,,,,,,,,,,,,,,,,
,,,,,,,,,,,,,,,,,,,,,,,,,,,,,,,,,,,
,,,,,,,,,,,,,,,,,,,,,,,,,,,,,,,,,,,
,,,,,,,,,,,,,,,,,,,,,,,,,,,,,,,,,,,
,,,,,,,,,,,,,,,,,,,,,,,,,,,,,,,,,,,
,,,,,,,,,,,,,,,,,,,,,,,,,,,,,,,,,,,
,,,,,,,,,,,,,,,,,,,,,,,,,,,,,,,,,,,
,,,,,,,,,,,,,,,,,,,,,,,,,,,,,,,,,,,
,,,,,,,,,,,,,,,,,,,,,,,,,,,,,,,,,,,
,,,,,,,,,,,,,,,,,,,,,,,,,,,,,,,,,,,
,,,,,,,,,,,,,,,,,,,,,,,,,,,,,,,,,,,
,,,,,,,,,,,,,,,,,,,,,,,,,,,,,,,,,,,
,,,,,,,,,,,,,,,,,,,,,,,,,,,,,,,,,,,
,,,,,,,,,,,,,,,,,,,,,,,,,,,,,,,,,,,
,,,,,,,,,,,,,,,,,,,,,,,,,,,,,,,,,,,
,,,,,,,,,,,,,,,,,,,,,,,,,,,,,,,,,,,
,,,,,,,,,,,,,,,,,,,,,,,,,,,,,,,,,,,
,,,,,,,,,,,,,,,,,,,,,,,,,,,,,,,,,,,
,,,,,,,,,,,,,,,,,,,,,,,,,,,,,,,,,,,
,,,,,,,,,,,,,,,,,,,,,,,,,,,,,,,,,,,
,,,,,,,,,,,,,,,,,,,,,,,,,,,,,,,,,,,
,,,,,,,,,,,,,,,,,,,,,,,,,,,,,,,,,,,
,,,,,,,,,,,,,,,,,,,,,,,,,,,,,,,,,,,
,,,,,,,,,,,,,,,,,,,,,,,,,,,,,,,,,,,
,,,,,,,,,,,,,,,,,,,,,,,,,,,,,,,,,,,
,,,,,,,,,,,,,,,,,,,,,,,,,,,,,,,,,,,
,,,,,,,,,,,,,,,,,,,,,,,,,,,,,,,,,,,
,,,,,,,,,,,,,,,,,,,,,,,,,,,,,,,,,,,
,,,,,,,,,,,,,,,,,,,,,,,,,,,,,,,,,,,
,,,,,,,,,,,,,,,,,,,,,,,,,,,,,,,,,,,
,,,,,,,,,,,,,,,,,,,,,,,,,,,,,,,,,,,
,,,,,,,,,,,,,,,,,,,,,,,,,,,,,,,,,,,
,,,,,,,,,,,,,,,,,,,,,,,,,,,,,,,,,,,
,,,,,,,,,,,,,,,,,,,,,,,,,,,,,,,,,,,
,,,,,,,,,,,,,,,,,,,,,,,,,,,,,,,,,,,
,,,,,,,,,,,,,,,,,,,,,,,,,,,,,,,,,,,
,,,,,,,,,,,,,,,,,,,,,,,,,,,,,,,,,,,
,,,,,,,,,,,,,,,,,,,,,,,,,,,,,,,,,,,
,,,,,,,,,,,,,,,,,,,,,,,,,,,,,,,,,,,
,,,,,,,,,,,,,,,,,,,,,,,,,,,,,,,,,,,
,,,,,,,,,,,,,,,,,,,,,,,,,,,,,,,,,,,
,,,,,,,,,,,,,,,,,,,,,,,,,,,,,,,,,,,
,,,,,,,,,,,,,,,,,,,,,,,,,,,,,,,,,,,
,,,,,,,,,,,,,,,,,,,,,,,,,,,,,,,,,,,
,,,,,,,,,,,,,,,,,,,,,,,,,,,,,,,,,,,
,,,,,,,,,,,,,,,,,,,,,,,,,,,,,,,,,,,
,,,,,,,,,,,,,,,,,,,,,,,,,,,,,,,,,,,
,,,,,,,,,,,,,,,,,,,,,,,,,,,,,,,,,,,
,,,,,,,,,,,,,,,,,,,,,,,,,,,,,,,,,,,
,,,,,,,,,,,,,,,,,,,,,,,,,,,,,,,,,,,
,,,,,,,,,,,,,,,,,,,,,,,,,,,,,,,,,,,
,,,,,,,,,,,,,,,,,,,,,,,,,,,,,,,,,,,
,,,,,,,,,,,,,,,,,,,,,,,,,,,,,,,,,,,
,,,,,,,,,,,,,,,,,,,,,,,,,,,,,,,,,,,
,,,,,,,,,,,,,,,,,,,,,,,,,,,,,,,,,,,
,,,,,,,,,,,,,,,,,,,,,,,,,,,,,,,,,,,
,,,,,,,,,,,,,,,,,,,,,,,,,,,,,,,,,,,
,,,,,,,,,,,,,,,,,,,,,,,,,,,,,,,,,,,
,,,,,,,,,,,,,,,,,,,,,,,,,,,,,,,,,,,
,,,,,,,,,,,,,,,,,,,,,,,,,,,,,,,,,,,
,,,,,,,,,,,,,,,,,,,,,,,,,,,,,,,,,,,
,,,,,,,,,,,,,,,,,,,,,,,,,,,,,,,,,,,
,,,,,,,,,,,,,,,,,,,,,,,,,,,,,,,,,,,
,,,,,,,,,,,,,,,,,,,,,,,,,,,,,,,,,,,
,,,,,,,,,,,,,,,,,,,,,,,,,,,,,,,,,,,
,,,,,,,,,,,,,,,,,,,,,,,,,,,,,,,,,,,
,,,,,,,,,,,,,,,,,,,,,,,,,,,,,,,,,,,
,,,,,,,,,,,,,,,,,,,,,,,,,,,,,,,,,,,
,,,,,,,,,,,,,,,,,,,,,,,,,,,,,,,,,,,
,,,,,,,,,,,,,,,,,,,,,,,,,,,,,,,,,,,
,,,,,,,,,,,,,,,,,,,,,,,,,,,,,,,,,,,
,,,,,,,,,,,,,,,,,,,,,,,,,,,,,,,,,,,
,,,,,,,,,,,,,,,,,,,,,,,,,,,,,,,,,,,
,,,,,,,,,,,,,,,,,,,,,,,,,,,,,,,,,,,
,,,,,,,,,,,,,,,,,,,,,,,,,,,,,,,,,,,
,,,,,,,,,,,,,,,,,,,,,,,,,,,,,,,,,,,
,,,,,,,,,,,,,,,,,,,,,,,,,,,,,,,,,,,
,,,,,,,,,,,,,,,,,,,,,,,,,,,,,,,,,,,
,,,,,,,,,,,,,,,,,,,,,,,,,,,,,,,,,,,
,,,,,,,,,,,,,,,,,,,,,,,,,,,,,,,,,,,
,,,,,,,,,,,,,,,,,,,,,,,,,,,,,,,,,,,
,,,,,,,,,,,,,,,,,,,,,,,,,,,,,,,,,,,
,,,,,,,,,,,,,,,,,,,,,,,,,,,,,,,,,,,
,,,,,,,,,,,,,,,,,,,,,,,,,,,,,,,,,,,
,,,,,,,,,,,,,,,,,,,,,,,,,,,,,,,,,,,
,,,,,,,,,,,,,,,,,,,,,,,,,,,,,,,,,,,
,,,,,,,,,,,,,,,,,,,,,,,,,,,,,,,,,,,
,,,,,,,,,,,,,,,,,,,,,,,,,,,,,,,,,,,
,,,,,,,,,,,,,,,,,,,,,,,,,,,,,,,,,,,
,,,,,,,,,,,,,,,,,,,,,,,,,,,,,,,,,,,
,,,,,,,,,,,,,,,,,,,,,,,,,,,,,,,,,,,
,,,,,,,,,,,,,,,,,,,,,,,,,,,,,,,,,,,
,,,,,,,,,,,,,,,,,,,,,,,,,,,,,,,,,,,
,,,,,,,,,,,,,,,,,,,,,,,,,,,,,,,,,,,
,,,,,,,,,,,,,,,,,,,,,,,,,,,,,,,,,,,
,,,,,,,,,,,,,,,,,,,,,,,,,,,,,,,,,,,
,,,,,,,,,,,,,,,,,,,,,,,,,,,,,,,,,,,
,,,,,,,,,,,,,,,,,,,,,,,,,,,,,,,,,,,
,,,,,,,,,,,,,,,,,,,,,,,,,,,,,,,,,,,
,,,,,,,,,,,,,,,,,,,,,,,,,,,,,,,,,,,
,,,,,,,,,,,,,,,,,,,,,,,,,,,,,,,,,,,
,,,,,,,,,,,,,,,,,,,,,,,,,,,,,,,,,,,
,,,,,,,,,,,,,,,,,,,,,,,,,,,,,,,,,,,
,,,,,,,,,,,,,,,,,,,,,,,,,,,,,,,,,,,
,,,,,,,,,,,,,,,,,,,,,,,,,,,,,,,,,,,
,,,,,,,,,,,,,,,,,,,,,,,,,,,,,,,,,,,
,,,,,,,,,,,,,,,,,,,,,,,,,,,,,,,,,,,
,,,,,,,,,,,,,,,,,,,,,,,,,,,,,,,,,,,
,,,,,,,,,,,,,,,,,,,,,,,,,,,,,,,,,,,
,,,,,,,,,,,,,,,,,,,,,,,,,,,,,,,,,,,
,,,,,,,,,,,,,,,,,,,,,,,,,,,,,,,,,,,
,,,,,,,,,,,,,,,,,,,,,,,,,,,,,,,,,,,
,,,,,,,,,,,,,,,,,,,,,,,,,,,,,,,,,,,
,,,,,,,,,,,,,,,,,,,,,,,,,,,,,,,,,,,
,,,,,,,,,,,,,,,,,,,,,,,,,,,,,,,,,,,
,,,,,,,,,,,,,,,,,,,,,,,,,,,,,,,,,,,
,,,,,,,,,,,,,,,,,,,,,,,,,,,,,,,,,,,
,,,,,,,,,,,,,,,,,,,,,,,,,,,,,,,,,,,
,,,,,,,,,,,,,,,,,,,,,,,,,,,,,,,,,,,
,,,,,,,,,,,,,,,,,,,,,,,,,,,,,,,,,,,
,,,,,,,,,,,,,,,,,,,,,,,,,,,,,,,,,,,
,,,,,,,,,,,,,,,,,,,,,,,,,,,,,,,,,,,
,,,,,,,,,,,,,,,,,,,,,,,,,,,,,,,,,,,
,,,,,,,,,,,,,,,,,,,,,,,,,,,,,,,,,,,
,,,,,,,,,,,,,,,,,,,,,,,,,,,,,,,,,,,
,,,,,,,,,,,,,,,,,,,,,,,,,,,,,,,,,,,
,,,,,,,,,,,,,,,,,,,,,,,,,,,,,,,,,,,
,,,,,,,,,,,,,,,,,,,,,,,,,,,,,,,,,,,
,,,,,,,,,,,,,,,,,,,,,,,,,,,,,,,,,,,
,,,,,,,,,,,,,,,,,,,,,,,,,,,,,,,,,,,
,,,,,,,,,,,,,,,,,,,,,,,,,,,,,,,,,,,
,,,,,,,,,,,,,,,,,,,,,,,,,,,,,,,,,,,
,,,,,,,,,,,,,,,,,,,,,,,,,,,,,,,,,,,
,,,,,,,,,,,,,,,,,,,,,,,,,,,,,,,,,,,
,,,,,,,,,,,,,,,,,,,,,,,,,,,,,,,,,,,
,,,,,,,,,,,,,,,,,,,,,,,,,,,,,,,,,,,
,,,,,,,,,,,,,,,,,,,,,,,,,,,,,,,,,,,
,,,,,,,,,,,,,,,,,,,,,,,,,,,,,,,,,,,
,,,,,,,,,,,,,,,,,,,,,,,,,,,,,,,,,,,
,,,,,,,,,,,,,,,,,,,,,,,,,,,,,,,,,,,
,,,,,,,,,,,,,,,,,,,,,,,,,,,,,,,,,,,
,,,,,,,,,,,,,,,,,,,,,,,,,,,,,,,,,,,
,,,,,,,,,,,,,,,,,,,,,,,,,,,,,,,,,,,
,,,,,,,,,,,,,,,,,,,,,,,,,,,,,,,,,,,
,,,,,,,,,,,,,,,,,,,,,,,,,,,,,,,,,,,
,,,,,,,,,,,,,,,,,,,,,,,,,,,,,,,,,,,
,,,,,,,,,,,,,,,,,,,,,,,,,,,,,,,,,,,
,,,,,,,,,,,,,,,,,,,,,,,,,,,,,,,,,,,
,,,,,,,,,,,,,,,,,,,,,,,,,,,,,,,,,,,
,,,,,,,,,,,,,,,,,,,,,,,,,,,,,,,,,,,
,,,,,,,,,,,,,,,,,,,,,,,,,,,,,,,,,,,
,,,,,,,,,,,,,,,,,,,,,,,,,,,,,,,,,,,
,,,,,,,,,,,,,,,,,,,,,,,,,,,,,,,,,,,
,,,,,,,,,,,,,,,,,,,,,,,,,,,,,,,,,,,
,,,,,,,,,,,,,,,,,,,,,,,,,,,,,,,,,,,
,,,,,,,,,,,,,,,,,,,,,,,,,,,,,,,,,,,
,,,,,,,,,,,,,,,,,,,,,,,,,,,,,,,,,,,
,,,,,,,,,,,,,,,,,,,,,,,,,,,,,,,,,,,
,,,,,,,,,,,,,,,,,,,,,,,,,,,,,,,,,,,
,,,,,,,,,,,,,,,,,,,,,,,,,,,,,,,,,,,
,,,,,,,,,,,,,,,,,,,,,,,,,,,,,,,,,,,
,,,,,,,,,,,,,,,,,,,,,,,,,,,,,,,,,,,
,,,,,,,,,,,,,,,,,,,,,,,,,,,,,,,,,,,
,,,,,,,,,,,,,,,,,,,,,,,,,,,,,,,,,,,
,,,,,,,,,,,,,,,,,,,,,,,,,,,,,,,,,,,
,,,,,,,,,,,,,,,,,,,,,,,,,,,,,,,,,,,
,,,,,,,,,,,,,,,,,,,,,,,,,,,,,,,,,,,
,,,,,,,,,,,,,,,,,,,,,,,,,,,,,,,,,,,
,,,,,,,,,,,,,,,,,,,,,,,,,,,,,,,,,,,
,,,,,,,,,,,,,,,,,,,,,,,,,,,,,,,,,,,
,,,,,,,,,,,,,,,,,,,,,,,,,,,,,,,,,,,
,,,,,,,,,,,,,,,,,,,,,,,,,,,,,,,,,,,
,,,,,,,,,,,,,,,,,,,,,,,,,,,,,,,,,,,
,,,,,,,,,,,,,,,,,,,,,,,,,,,,,,,,,,,
,,,,,,,,,,,,,,,,,,,,,,,,,,,,,,,,,,,
,,,,,,,,,,,,,,,,,,,,,,,,,,,,,,,,,,,
,,,,,,,,,,,,,,,,,,,,,,,,,,,,,,,,,,,
,,,,,,,,,,,,,,,,,,,,,,,,,,,,,,,,,,,
,,,,,,,,,,,,,,,,,,,,,,,,,,,,,,,,,,,
,,,,,,,,,,,,,,,,,,,,,,,,,,,,,,,,,,,
,,,,,,,,,,,,,,,,,,,,,,,,,,,,,,,,,,,
,,,,,,,,,,,,,,,,,,,,,,,,,,,,,,,,,,,
,,,,,,,,,,,,,,,,,,,,,,,,,,,,,,,,,,,
,,,,,,,,,,,,,,,,,,,,,,,,,,,,,,,,,,,
,,,,,,,,,,,,,,,,,,,,,,,,,,,,,,,,,,,
,,,,,,,,,,,,,,,,,,,,,,,,,,,,,,,,,,,
,,,,,,,,,,,,,,,,,,,,,,,,,,,,,,,,,,,
,,,,,,,,,,,,,,,,,,,,,,,,,,,,,,,,,,,
,,,,,,,,,,,,,,,,,,,,,,,,,,,,,,,,,,,
,,,,,,,,,,,,,,,,,,,,,,,,,,,,,,,,,,,
,,,,,,,,,,,,,,,,,,,,,,,,,,,,,,,,,,,
,,,,,,,,,,,,,,,,,,,,,,,,,,,,,,,,,,,
,,,,,,,,,,,,,,,,,,,,,,,,,,,,,,,,,,,
,,,,,,,,,,,,,,,,,,,,,,,,,,,,,,,,,,,
,,,,,,,,,,,,,,,,,,,,,,,,,,,,,,,,,,,
,,,,,,,,,,,,,,,,,,,,,,,,,,,,,,,,,,,
,,,,,,,,,,,,,,,,,,,,,,,,,,,,,,,,,,,
,,,,,,,,,,,,,,,,,,,,,,,,,,,,,,,,,,,
,,,,,,,,,,,,,,,,,,,,,,,,,,,,,,,,,,,
,,,,,,,,,,,,,,,,,,,,,,,,,,,,,,,,,,,
,,,,,,,,,,,,,,,,,,,,,,,,,,,,,,,,,,,
,,,,,,,,,,,,,,,,,,,,,,,,,,,,,,,,,,,
,,,,,,,,,,,,,,,,,,,,,,,,,,,,,,,,,,,
,,,,,,,,,,,,,,,,,,,,,,,,,,,,,,,,,,,
,,,,,,,,,,,,,,,,,,,,,,,,,,,,,,,,,,,
,,,,,,,,,,,,,,,,,,,,,,,,,,,,,,,,,,,
,,,,,,,,,,,,,,,,,,,,,,,,,,,,,,,,,,,
,,,,,,,,,,,,,,,,,,,,,,,,,,,,,,,,,,,
,,,,,,,,,,,,,,,,,,,,,,,,,,,,,,,,,,,
,,,,,,,,,,,,,,,,,,,,,,,,,,,,,,,,,,,
,,,,,,,,,,,,,,,,,,,,,,,,,,,,,,,,,,,
,,,,,,,,,,,,,,,,,,,,,,,,,,,,,,,,,,,
,,,,,,,,,,,,,,,,,,,,,,,,,,,,,,,,,,,
,,,,,,,,,,,,,,,,,,,,,,,,,,,,,,,,,,,
,,,,,,,,,,,,,,,,,,,,,,,,,,,,,,,,,,,
,,,,,,,,,,,,,,,,,,,,,,,,,,,,,,,,,,,
,,,,,,,,,,,,,,,,,,,,,,,,,,,,,,,,,,,
,,,,,,,,,,,,,,,,,,,,,,,,,,,,,,,,,,,
,,,,,,,,,,,,,,,,,,,,,,,,,,,,,,,,,,,
,,,,,,,,,,,,,,,,,,,,,,,,,,,,,,,,,,,
,,,,,,,,,,,,,,,,,,,,,,,,,,,,,,,,,,,
,,,,,,,,,,,,,,,,,,,,,,,,,,,,,,,,,,,
,,,,,,,,,,,,,,,,,,,,,,,,,,,,,,,,,,,
,,,,,,,,,,,,,,,,,,,,,,,,,,,,,,,,,,,
,,,,,,,,,,,,,,,,,,,,,,,,,,,,,,,,,,,
,,,,,,,,,,,,,,,,,,,,,,,,,,,,,,,,,,,
,,,,,,,,,,,,,,,,,,,,,,,,,,,,,,,,,,,
,,,,,,,,,,,,,,,,,,,,,,,,,,,,,,,,,,,
,,,,,,,,,,,,,,,,,,,,,,,,,,,,,,,,,,,
,,,,,,,,,,,,,,,,,,,,,,,,,,,,,,,,,,,
,,,,,,,,,,,,,,,,,,,,,,,,,,,,,,,,,,,
,,,,,,,,,,,,,,,,,,,,,,,,,,,,,,,,,,,
,,,,,,,,,,,,,,,,,,,,,,,,,,,,,,,,,,,
,,,,,,,,,,,,,,,,,,,,,,,,,,,,,,,,,,,
,,,,,,,,,,,,,,,,,,,,,,,,,,,,,,,,,,,
,,,,,,,,,,,,,,,,,,,,,,,,,,,,,,,,,,,
,,,,,,,,,,,,,,,,,,,,,,,,,,,,,,,,,,,
,,,,,,,,,,,,,,,,,,,,,,,,,,,,,,,,,,,
,,,,,,,,,,,,,,,,,,,,,,,,,,,,,,,,,,,
,,,,,,,,,,,,,,,,,,,,,,,,,,,,,,,,,,,
,,,,,,,,,,,,,,,,,,,,,,,,,,,,,,,,,,,
,,,,,,,,,,,,,,,,,,,,,,,,,,,,,,,,,,,
,,,,,,,,,,,,,,,,,,,,,,,,,,,,,,,,,,,
,,,,,,,,,,,,,,,,,,,,,,,,,,,,,,,,,,,
,,,,,,,,,,,,,,,,,,,,,,,,,,,,,,,,,,,
,,,,,,,,,,,,,,,,,,,,,,,,,,,,,,,,,,,
,,,,,,,,,,,,,,,,,,,,,,,,,,,,,,,,,,,
,,,,,,,,,,,,,,,,,,,,,,,,,,,,,,,,,,,
,,,,,,,,,,,,,,,,,,,,,,,,,,,,,,,,,,,
,,,,,,,,,,,,,,,,,,,,,,,,,,,,,,,,,,,
,,,,,,,,,,,,,,,,,,,,,,,,,,,,,,,,,,,
,,,,,,,,,,,,,,,,,,,,,,,,,,,,,,,,,,,
,,,,,,,,,,,,,,,,,,,,,,,,,,,,,,,,,,,
,,,,,,,,,,,,,,,,,,,,,,,,,,,,,,,,,,,
,,,,,,,,,,,,,,,,,,,,,,,,,,,,,,,,,,,
,,,,,,,,,,,,,,,,,,,,,,,,,,,,,,,,,,,
,,,,,,,,,,,,,,,,,,,,,,,,,,,,,,,,,,,
,,,,,,,,,,,,,,,,,,,,,,,,,,,,,,,,,,,
,,,,,,,,,,,,,,,,,,,,,,,,,,,,,,,,,,,
,,,,,,,,,,,,,,,,,,,,,,,,,,,,,,,,,,,
,,,,,,,,,,,,,,,,,,,,,,,,,,,,,,,,,,,
,,,,,,,,,,,,,,,,,,,,,,,,,,,,,,,,,,,
,,,,,,,,,,,,,,,,,,,,,,,,,,,,,,,,,,,
,,,,,,,,,,,,,,,,,,,,,,,,,,,,,,,,,,,
,,,,,,,,,,,,,,,,,,,,,,,,,,,,,,,,,,,
,,,,,,,,,,,,,,,,,,,,,,,,,,,,,,,,,,,
,,,,,,,,,,,,,,,,,,,,,,,,,,,,,,,,,,,
,,,,,,,,,,,,,,,,,,,,,,,,,,,,,,,,,,,
,,,,,,,,,,,,,,,,,,,,,,,,,,,,,,,,,,,
,,,,,,,,,,,,,,,,,,,,,,,,,,,,,,,,,,,
,,,,,,,,,,,,,,,,,,,,,,,,,,,,,,,,,,,
,,,,,,,,,,,,,,,,,,,,,,,,,,,,,,,,,,,
,,,,,,,,,,,,,,,,,,,,,,,,,,,,,,,,,,,
,,,,,,,,,,,,,,,,,,,,,,,,,,,,,,,,,,,
,,,,,,,,,,,,,,,,,,,,,,,,,,,,,,,,,,,
,,,,,,,,,,,,,,,,,,,,,,,,,,,,,,,,,,,
,,,,,,,,,,,,,,,,,,,,,,,,,,,,,,,,,,,
,,,,,,,,,,,,,,,,,,,,,,,,,,,,,,,,,,,
,,,,,,,,,,,,,,,,,,,,,,,,,,,,,,,,,,,
,,,,,,,,,,,,,,,,,,,,,,,,,,,,,,,,,,,
,,,,,,,,,,,,,,,,,,,,,,,,,,,,,,,,,,,
,,,,,,,,,,,,,,,,,,,,,,,,,,,,,,,,,,,
,,,,,,,,,,,,,,,,,,,,,,,,,,,,,,,,,,,
,,,,,,,,,,,,,,,,,,,,,,,,,,,,,,,,,,,
,,,,,,,,,,,,,,,,,,,,,,,,,,,,,,,,,,,
,,,,,,,,,,,,,,,,,,,,,,,,,,,,,,,,,,,
,,,,,,,,,,,,,,,,,,,,,,,,,,,,,,,,,,,
,,,,,,,,,,,,,,,,,,,,,,,,,,,,,,,,,,,
,,,,,,,,,,,,,,,,,,,,,,,,,,,,,,,,,,,
,,,,,,,,,,,,,,,,,,,,,,,,,,,,,,,,,,,
,,,,,,,,,,,,,,,,,,,,,,,,,,,,,,,,,,,
,,,,,,,,,,,,,,,,,,,,,,,,,,,,,,,,,,,
,,,,,,,,,,,,,,,,,,,,,,,,,,,,,,,,,,,
,,,,,,,,,,,,,,,,,,,,,,,,,,,,,,,,,,,
,,,,,,,,,,,,,,,,,,,,,,,,,,,,,,,,,,,
,,,,,,,,,,,,,,,,,,,,,,,,,,,,,,,,,,,
,,,,,,,,,,,,,,,,,,,,,,,,,,,,,,,,,,,
,,,,,,,,,,,,,,,,,,,,,,,,,,,,,,,,,,,
,,,,,,,,,,,,,,,,,,,,,,,,,,,,,,,,,,,
,,,,,,,,,,,,,,,,,,,,,,,,,,,,,,,,,,,
,,,,,,,,,,,,,,,,,,,,,,,,,,,,,,,,,,,
,,,,,,,,,,,,,,,,,,,,,,,,,,,,,,,,,,,
,,,,,,,,,,,,,,,,,,,,,,,,,,,,,,,,,,,
,,,,,,,,,,,,,,,,,,,,,,,,,,,,,,,,,,,
,,,,,,,,,,,,,,,,,,,,,,,,,,,,,,,,,,,
,,,,,,,,,,,,,,,,,,,,,,,,,,,,,,,,,,,
,,,,,,,,,,,,,,,,,,,,,,,,,,,,,,,,,,,
,,,,,,,,,,,,,,,,,,,,,,,,,,,,,,,,,,,
,,,,,,,,,,,,,,,,,,,,,,,,,,,,,,,,,,,
,,,,,,,,,,,,,,,,,,,,,,,,,,,,,,,,,,,
,,,,,,,,,,,,,,,,,,,,,,,,,,,,,,,,,,,
,,,,,,,,,,,,,,,,,,,,,,,,,,,,,,,,,,,
,,,,,,,,,,,,,,,,,,,,,,,,,,,,,,,,,,,
,,,,,,,,,,,,,,,,,,,,,,,,,,,,,,,,,,,
,,,,,,,,,,,,,,,,,,,,,,,,,,,,,,,,,,,
,,,,,,,,,,,,,,,,,,,,,,,,,,,,,,,,,,,
,,,,,,,,,,,,,,,,,,,,,,,,,,,,,,,,,,,
,,,,,,,,,,,,,,,,,,,,,,,,,,,,,,,,,,,
,,,,,,,,,,,,,,,,,,,,,,,,,,,,,,,,,,,
,,,,,,,,,,,,,,,,,,,,,,,,,,,,,,,,,,,
,,,,,,,,,,,,,,,,,,,,,,,,,,,,,,,,,,,
,,,,,,,,,,,,,,,,,,,,,,,,,,,,,,,,,,,
,,,,,,,,,,,,,,,,,,,,,,,,,,,,,,,,,,,
,,,,,,,,,,,,,,,,,,,,,,,,,,,,,,,,,,,
,,,,,,,,,,,,,,,,,,,,,,,,,,,,,,,,,,,
,,,,,,,,,,,,,,,,,,,,,,,,,,,,,,,,,,,
,,,,,,,,,,,,,,,,,,,,,,,,,,,,,,,,,,,
,,,,,,,,,,,,,,,,,,,,,,,,,,,,,,,,,,,
,,,,,,,,,,,,,,,,,,,,,,,,,,,,,,,,,,,
,,,,,,,,,,,,,,,,,,,,,,,,,,,,,,,,,,,
,,,,,,,,,,,,,,,,,,,,,,,,,,,,,,,,,,,
,,,,,,,,,,,,,,,,,,,,,,,,,,,,,,,,,,,
,,,,,,,,,,,,,,,,,,,,,,,,,,,,,,,,,,,
,,,,,,,,,,,,,,,,,,,,,,,,,,,,,,,,,,,
,,,,,,,,,,,,,,,,,,,,,,,,,,,,,,,,,,,
,,,,,,,,,,,,,,,,,,,,,,,,,,,,,,,,,,,
,,,,,,,,,,,,,,,,,,,,,,,,,,,,,,,,,,,
,,,,,,,,,,,,,,,,,,,,,,,,,,,,,,,,,,,
,,,,,,,,,,,,,,,,,,,,,,,,,,,,,,,,,,,
,,,,,,,,,,,,,,,,,,,,,,,,,,,,,,,,,,,
,,,,,,,,,,,,,,,,,,,,,,,,,,,,,,,,,,,
,,,,,,,,,,,,,,,,,,,,,,,,,,,,,,,,,,,
,,,,,,,,,,,,,,,,,,,,,,,,,,,,,,,,,,,
,,,,,,,,,,,,,,,,,,,,,,,,,,,,,,,,,,,
,,,,,,,,,,,,,,,,,,,,,,,,,,,,,,,,,,,
,,,,,,,,,,,,,,,,,,,,,,,,,,,,,,,,,,,
,,,,,,,,,,,,,,,,,,,,,,,,,,,,,,,,,,,
,,,,,,,,,,,,,,,,,,,,,,,,,,,,,,,,,,,
,,,,,,,,,,,,,,,,,,,,,,,,,,,,,,,,,,,
,,,,,,,,,,,,,,,,,,,,,,,,,,,,,,,,,,,
,,,,,,,,,,,,,,,,,,,,,,,,,,,,,,,,,,,
,,,,,,,,,,,,,,,,,,,,,,,,,,,,,,,,,,,
,,,,,,,,,,,,,,,,,,,,,,,,,,,,,,,,,,,
,,,,,,,,,,,,,,,,,,,,,,,,,,,,,,,,,,,
,,,,,,,,,,,,,,,,,,,,,,,,,,,,,,,,,,,
,,,,,,,,,,,,,,,,,,,,,,,,,,,,,,,,,,,
,,,,,,,,,,,,,,,,,,,,,,,,,,,,,,,,,,,
,,,,,,,,,,,,,,,,,,,,,,,,,,,,,,,,,,,
,,,,,,,,,,,,,,,,,,,,,,,,,,,,,,,,,,,
,,,,,,,,,,,,,,,,,,,,,,,,,,,,,,,,,,,
,,,,,,,,,,,,,,,,,,,,,,,,,,,,,,,,,,,
,,,,,,,,,,,,,,,,,,,,,,,,,,,,,,,,,,,
,,,,,,,,,,,,,,,,,,,,,,,,,,,,,,,,,,,
,,,,,,,,,,,,,,,,,,,,,,,,,,,,,,,,,,,
,,,,,,,,,,,,,,,,,,,,,,,,,,,,,,,,,,,
,,,,,,,,,,,,,,,,,,,,,,,,,,,,,,,,,,,
,,,,,,,,,,,,,,,,,,,,,,,,,,,,,,,,,,,
,,,,,,,,,,,,,,,,,,,,,,,,,,,,,,,,,,,
,,,,,,,,,,,,,,,,,,,,,,,,,,,,,,,,,,,
,,,,,,,,,,,,,,,,,,,,,,,,,,,,,,,,,,,
,,,,,,,,,,,,,,,,,,,,,,,,,,,,,,,,,,,
,,,,,,,,,,,,,,,,,,,,,,,,,,,,,,,,,,,
,,,,,,,,,,,,,,,,,,,,,,,,,,,,,,,,,,,
,,,,,,,,,,,,,,,,,,,,,,,,,,,,,,,,,,,
,,,,,,,,,,,,,,,,,,,,,,,,,,,,,,,,,,,
,,,,,,,,,,,,,,,,,,,,,,,,,,,,,,,,,,,
,,,,,,,,,,,,,,,,,,,,,,,,,,,,,,,,,,,
,,,,,,,,,,,,,,,,,,,,,,,,,,,,,,,,,,,
,,,,,,,,,,,,,,,,,,,,,,,,,,,,,,,,,,,
,,,,,,,,,,,,,,,,,,,,,,,,,,,,,,,,,,,
,,,,,,,,,,,,,,,,,,,,,,,,,,,,,,,,,,,
,,,,,,,,,,,,,,,,,,,,,,,,,,,,,,,,,,,
,,,,,,,,,,,,,,,,,,,,,,,,,,,,,,,,,,,
,,,,,,,,,,,,,,,,,,,,,,,,,,,,,,,,,,,
,,,,,,,,,,,,,,,,,,,,,,,,,,,,,,,,,,,
,,,,,,,,,,,,,,,,,,,,,,,,,,,,,,,,,,,
,,,,,,,,,,,,,,,,,,,,,,,,,,,,,,,,,,,
,,,,,,,,,,,,,,,,,,,,,,,,,,,,,,,,,,,
,,,,,,,,,,,,,,,,,,,,,,,,,,,,,,,,,,,
,,,,,,,,,,,,,,,,,,,,,,,,,,,,,,,,,,,
,,,,,,,,,,,,,,,,,,,,,,,,,,,,,,,,,,,
,,,,,,,,,,,,,,,,,,,,,,,,,,,,,,,,,,,
,,,,,,,,,,,,,,,,,,,,,,,,,,,,,,,,,,,
,,,,,,,,,,,,,,,,,,,,,,,,,,,,,,,,,,,
,,,,,,,,,,,,,,,,,,,,,,,,,,,,,,,,,,,
,,,,,,,,,,,,,,,,,,,,,,,,,,,,,,,,,,,
,,,,,,,,,,,,,,,,,,,,,,,,,,,,,,,,,,,
,,,,,,,,,,,,,,,,,,,,,,,,,,,,,,,,,,,
,,,,,,,,,,,,,,,,,,,,,,,,,,,,,,,,,,,
,,,,,,,,,,,,,,,,,,,,,,,,,,,,,,,,,,,
,,,,,,,,,,,,,,,,,,,,,,,,,,,,,,,,,,,
,,,,,,,,,,,,,,,,,,,,,,,,,,,,,,,,,,,
,,,,,,,,,,,,,,,,,,,,,,,,,,,,,,,,,,,
,,,,,,,,,,,,,,,,,,,,,,,,,,,,,,,,,,,
,,,,,,,,,,,,,,,,,,,,,,,,,,,,,,,,,,,
,,,,,,,,,,,,,,,,,,,,,,,,,,,,,,,,,,,
,,,,,,,,,,,,,,,,,,,,,,,,,,,,,,,,,,,
,,,,,,,,,,,,,,,,,,,,,,,,,,,,,,,,,,,
,,,,,,,,,,,,,,,,,,,,,,,,,,,,,,,,,,,
,,,,,,,,,,,,,,,,,,,,,,,,,,,,,,,,,,,
,,,,,,,,,,,,,,,,,,,,,,,,,,,,,,,,,,,
,,,,,,,,,,,,,,,,,,,,,,,,,,,,,,,,,,,
,,,,,,,,,,,,,,,,,,,,,,,,,,,,,,,,,,,
,,,,,,,,,,,,,,,,,,,,,,,,,,,,,,,,,,,
,,,,,,,,,,,,,,,,,,,,,,,,,,,,,,,,,,,
,,,,,,,,,,,,,,,,,,,,,,,,,,,,,,,,,,,
,,,,,,,,,,,,,,,,,,,,,,,,,,,,,,,,,,,
,,,,,,,,,,,,,,,,,,,,,,,,,,,,,,,,,,,
,,,,,,,,,,,,,,,,,,,,,,,,,,,,,,,,,,,
,,,,,,,,,,,,,,,,,,,,,,,,,,,,,,,,,,,
,,,,,,,,,,,,,,,,,,,,,,,,,,,,,,,,,,,
,,,,,,,,,,,,,,,,,,,,,,,,,,,,,,,,,,,
,,,,,,,,,,,,,,,,,,,,,,,,,,,,,,,,,,,
,,,,,,,,,,,,,,,,,,,,,,,,,,,,,,,,,,,
,,,,,,,,,,,,,,,,,,,,,,,,,,,,,,,,,,,
,,,,,,,,,,,,,,,,,,,,,,,,,,,,,,,,,,,
,,,,,,,,,,,,,,,,,,,,,,,,,,,,,,,,,,,
,,,,,,,,,,,,,,,,,,,,,,,,,,,,,,,,,,,
,,,,,,,,,,,,,,,,,,,,,,,,,,,,,,,,,,,
,,,,,,,,,,,,,,,,,,,,,,,,,,,,,,,,,,,
,,,,,,,,,,,,,,,,,,,,,,,,,,,,,,,,,,,
,,,,,,,,,,,,,,,,,,,,,,,,,,,,,,,,,,,
,,,,,,,,,,,,,,,,,,,,,,,,,,,,,,,,,,,
,,,,,,,,,,,,,,,,,,,,,,,,,,,,,,,,,,,
,,,,,,,,,,,,,,,,,,,,,,,,,,,,,,,,,,,
,,,,,,,,,,,,,,,,,,,,,,,,,,,,,,,,,,,
,,,,,,,,,,,,,,,,,,,,,,,,,,,,,,,,,,,
,,,,,,,,,,,,,,,,,,,,,,,,,,,,,,,,,,,
,,,,,,,,,,,,,,,,,,,,,,,,,,,,,,,,,,,
,,,,,,,,,,,,,,,,,,,,,,,,,,,,,,,,,,,
,,,,,,,,,,,,,,,,,,,,,,,,,,,,,,,,,,,
,,,,,,,,,,,,,,,,,,,,,,,,,,,,,,,,,,,
,,,,,,,,,,,,,,,,,,,,,,,,,,,,,,,,,,,
,,,,,,,,,,,,,,,,,,,,,,,,,,,,,,,,,,,
,,,,,,,,,,,,,,,,,,,,,,,,,,,,,,,,,,,
,,,,,,,,,,,,,,,,,,,,,,,,,,,,,,,,,,,
,,,,,,,,,,,,,,,,,,,,,,,,,,,,,,,,,,,
,,,,,,,,,,,,,,,,,,,,,,,,,,,,,,,,,,,
,,,,,,,,,,,,,,,,,,,,,,,,,,,,,,,,,,,
,,,,,,,,,,,,,,,,,,,,,,,,,,,,,,,,,,,
,,,,,,,,,,,,,,,,,,,,,,,,,,,,,,,,,,,
,,,,,,,,,,,,,,,,,,,,,,,,,,,,,,,,,,,
,,,,,,,,,,,,,,,,,,,,,,,,,,,,,,,,,,,
,,,,,,,,,,,,,,,,,,,,,,,,,,,,,,,,,,,
,,,,,,,,,,,,,,,,,,,,,,,,,,,,,,,,,,,
,,,,,,,,,,,,,,,,,,,,,,,,,,,,,,,,,,,
,,,,,,,,,,,,,,,,,,,,,,,,,,,,,,,,,,,
,,,,,,,,,,,,,,,,,,,,,,,,,,,,,,,,,,,
,,,,,,,,,,,,,,,,,,,,,,,,,,,,,,,,,,,
,,,,,,,,,,,,,,,,,,,,,,,,,,,,,,,,,,,
,,,,,,,,,,,,,,,,,,,,,,,,,,,,,,,,,,,
,,,,,,,,,,,,,,,,,,,,,,,,,,,,,,,,,,,
,,,,,,,,,,,,,,,,,,,,,,,,,,,,,,,,,,,
,,,,,,,,,,,,,,,,,,,,,,,,,,,,,,,,,,,
,,,,,,,,,,,,,,,,,,,,,,,,,,,,,,,,,,,
,,,,,,,,,,,,,,,,,,,,,,,,,,,,,,,,,,,
,,,,,,,,,,,,,,,,,,,,,,,,,,,,,,,,,,,
,,,,,,,,,,,,,,,,,,,,,,,,,,,,,,,,,,,
,,,,,,,,,,,,,,,,,,,,,,,,,,,,,,,,,,,
,,,,,,,,,,,,,,,,,,,,,,,,,,,,,,,,,,,
,,,,,,,,,,,,,,,,,,,,,,,,,,,,,,,,,,,
,,,,,,,,,,,,,,,,,,,,,,,,,,,,,,,,,,,
,,,,,,,,,,,,,,,,,,,,,,,,,,,,,,,,,,,
,,,,,,,,,,,,,,,,,,,,,,,,,,,,,,,,,,,
,,,,,,,,,,,,,,,,,,,,,,,,,,,,,,,,,,,
,,,,,,,,,,,,,,,,,,,,,,,,,,,,,,,,,,,
,,,,,,,,,,,,,,,,,,,,,,,,,,,,,,,,,,,
,,,,,,,,,,,,,,,,,,,,,,,,,,,,,,,,,,,
,,,,,,,,,,,,,,,,,,,,,,,,,,,,,,,,,,,
,,,,,,,,,,,,,,,,,,,,,,,,,,,,,,,,,,,
,,,,,,,,,,,,,,,,,,,,,,,,,,,,,,,,,,,
,,,,,,,,,,,,,,,,,,,,,,,,,,,,,,,,,,,
,,,,,,,,,,,,,,,,,,,,,,,,,,,,,,,,,,,
,,,,,,,,,,,,,,,,,,,,,,,,,,,,,,,,,,,
,,,,,,,,,,,,,,,,,,,,,,,,,,,,,,,,,,,
,,,,,,,,,,,,,,,,,,,,,,,,,,,,,,,,,,,
,,,,,,,,,,,,,,,,,,,,,,,,,,,,,,,,,,,
,,,,,,,,,,,,,,,,,,,,,,,,,,,,,,,,,,,
,,,,,,,,,,,,,,,,,,,,,,,,,,,,,,,,,,,
,,,,,,,,,,,,,,,,,,,,,,,,,,,,,,,,,,,
,,,,,,,,,,,,,,,,,,,,,,,,,,,,,,,,,,,
,,,,,,,,,,,,,,,,,,,,,,,,,,,,,,,,,,,
,,,,,,,,,,,,,,,,,,,,,,,,,,,,,,,,,,,
,,,,,,,,,,,,,,,,,,,,,,,,,,,,,,,,,,,
,,,,,,,,,,,,,,,,,,,,,,,,,,,,,,,,,,,
,,,,,,,,,,,,,,,,,,,,,,,,,,,,,,,,,,,
,,,,,,,,,,,,,,,,,,,,,,,,,,,,,,,,,,,
,,,,,,,,,,,,,,,,,,,,,,,,,,,,,,,,,,,
