seq_month,bird_species,sample,seeds,tag,pool,total_no_reads_pool,OTU,no_reads_OTU,final_fate,plant_family,plant_genus ,first_plant_species_BLAST,first_plant_species_BOLD,notes,,,,,,,,,,,,,,,,,
Jun-2023,Ramphocelus carbo,269,1,B,P_00,44492,P_00_B_02,19,0,NA,NA,NA,NA,,,,,,,,,,,,,,,,,,
Jun-2023,Ramphocelus carbo,269,1,B,P_00,44492,P_00_B_04,6,0,NA,NA,NA,NA,,,,,,,,,,,,,,,,,,
Jun-2023,Ramphocelus carbo,269,1,B,P_00,44492,P_00_B_05,4,0,NA,NA,NA,NA,,,,,,,,,,,,,,,,,,
Jun-2023,Ramphocelus carbo,269,1,B,P_00,44492,P_00_B_06,2,0,NA,NA,NA,NA,,,,,,,,,,,,,,,,,,
Jun-2023,Turdus leucomelas,027,1,A,P_00,44492,P_00_A_01,896,1,Moraceae,Morus,Morus alba,Streblus pendulinus,,,,,,,,,,,,,,,,,,
Jun-2023,Ramphocelus carbo,269,1,B,P_00,44492,P_00_B_01,42742,1,Melastomataceae,Miconia ,Miconia prasina,Clidemia urceolata,,,,,,,,,,,,,,,,,,
Jun-2023,Ramphocelus carbo,269,1,B,P_00,44492,P_00_B_03,823,1,Melastomataceae,Miconia,Henriettea glabra,Henriettea squamulosa,classified as Miconia because we do no have Henriettea in the region,,,,,,,,,,,,,,,,,
Nov-2023,blank,blank,NA,A,P_06,2291,P_06_A_01,18,0,NA,NA,NA,NA,,,,,,,,,,,,,,,,,,
Nov-2023,blank,blank,NA,A,P_06,2291,P_06_A_02,10,0,NA,NA,NA,NA,,,,,,,,,,,,,,,,,,
Nov-2023,blank,blank,NA,A,P_06,2291,P_06_A_03,5,0,NA,NA,NA,NA,,,,,,,,,,,,,,,,,,
Nov-2023,blank,blank,NA,B,P_06,2291,P_06_B_01,1387,5,Melastomataceae,Miconia ,Miconia pusilliflora,Clidemia urceolata,,,,,,,,,,,,,,,,,,
Nov-2023,blank,blank,NA,C,P_06,2291,P_06_C_00,NA,5,NA,NA,NA,NA,,,,,,,,,,,,,,,,,,
Nov-2023,blank,blank,NA,D,P_06,2291,P_06_D_00,NA,5,NA,NA,NA,NA,,,,,,,,,,,,,,,,,,
Nov-2023,blank,blank,NA,E,P_06,2291,P_06_E_00,NA,5,NA,NA,NA,NA,,,,,,,,,,,,,,,,,,
Nov-2023,blank,blank,NA,H,P_06,2291,P_06_H_00,NA,5,NA,NA,NA,NA,,,,,,,,,,,,,,,,,,
Nov-2023,Chiroxiphia galeata,132,1,A,P_01,23830,P_01_A_04,39,2,NA,NA,NA,NA,< 98% match with any organism ,,,,,,,,,,,,,,,,,
Nov-2023,Chiroxiphia galeata,132,1,A,P_01,23830,P_01_A_06,12,0,NA,NA,NA,NA,"acabei classificando como Miconia pq não tem Henreittea na region, confirma que não é Leandra",,,,,,,,,,,,,,,,,
Nov-2023,Chiroxiphia galeata,132,1,A,P_01,23830,P_01_A_07,2,0,NA,NA,NA,NA,,,,,,,,,,,,,,,,,,
Nov-2023,Chiroxiphia galeata,113,1,B,P_01,23830,P_01_B_05,10,0,NA,NA,NA,NA,,,,,,,,,,,,,,,,,,
Nov-2023,Chiroxiphia galeata,113,1,B,P_01,23830,P_01_B_06,18,0,NA,NA,NA,NA,,,,,,,,,,,,,,,,,,
Nov-2023,Chiroxiphia galeata,113,1,B,P_01,23830,P_01_B_07,11,0,NA,NA,NA,NA,,,,,,,,,,,,,,,,,,
Nov-2023,Chiroxiphia galeata,113,1,B,P_01,23830,P_01_B_08,3,0,NA,NA,NA,NA,,,,,,,,,,,,,,,,,,
Nov-2023,Chiroxiphia galeata,113,1,B,P_01,23830,P_01_B_09,5,0,NA,NA,NA,NA,,,,,,,,,,,,,,,,,,
Nov-2023,Chiroxiphia galeata,113,1,B,P_01,23830,P_01_B_10,2,0,NA,NA,NA,NA,,,,,,,,,,,,,,,,,,
Nov-2023,Chiroxiphia galeata,113,1,B,P_01,23830,P_01_B_11,6,0,NA,NA,NA,NA,,,,,,,,,,,,,,,,,,
Nov-2023,Chiroxiphia galeata,113,1,B,P_01,23830,P_01_B_12,8,0,NA,NA,NA,NA,,,,,,,,,,,,,,,,,,
Nov-2023,Chiroxiphia galeata,113,1,B,P_01,23830,P_01_B_13,4,0,NA,NA,NA,NA,,,,,,,,,,,,,,,,,,
Nov-2023,Chiroxiphia galeata,113,1,B,P_01,23830,P_01_B_14,4,0,NA,NA,NA,NA,,,,,,,,,,,,,,,,,,
Nov-2023,Chiroxiphia galeata,113,1,B,P_01,23830,P_01_B_15,4,0,NA,NA,NA,NA,,,,,,,,,,,,,,,,,,
Nov-2023,Chiroxiphia galeata,113,1,B,P_01,23830,P_01_B_16,4,0,NA,NA,NA,NA,,,,,,,,,,,,,,,,,,
Nov-2023,Chiroxiphia galeata,113,1,B,P_01,23830,P_01_B_17,4,0,NA,NA,NA,NA,,,,,,,,,,,,,,,,,,
Nov-2023,Chiroxiphia galeata,113,1,B,P_01,23830,P_01_B_18,2,0,NA,NA,NA,NA,,,,,,,,,,,,,,,,,,
Nov-2023,Chiroxiphia galeata,297,1,C,P_01,23830,P_01_C_02,2,0,NA,NA,NA,NA,,,,,,,,,,,,,,,,,,
Nov-2023,Chiroxiphia galeata,381,1,D,P_01,23830,P_01_D_03,7,0,NA,NA,NA,NA,,,,,,,,,,,,,,,,,,
Nov-2023,Chiroxiphia galeata,381,1,D,P_01,23830,P_01_D_04,3,0,NA,NA,NA,NA,,,,,,,,,,,,,,,,,,
Nov-2023,Chiroxiphia galeata,381,1,D,P_01,23830,P_01_D_05,5,0,NA,NA,NA,NA,,,,,,,,,,,,,,,,,,
Nov-2023,Chiroxiphia galeata,381,1,D,P_01,23830,P_01_D_06,3,0,NA,NA,NA,NA,,,,,,,,,,,,,,,,,,
Nov-2023,Chiroxiphia galeata,381,1,D,P_01,23830,P_01_D_07,4,0,NA,NA,NA,NA,,,,,,,,,,,,,,,,,,
Nov-2023,Chiroxiphia galeata,381,1,D,P_01,23830,P_01_D_08,4,0,NA,NA,NA,NA,,,,,,,,,,,,,,,,,,
Nov-2023,Manacus manacus,468,1,E,P_01,23830,P_01_E_02,2,0,NA,NA,NA,NA,,,,,,,,,,,,,,,,,,
Nov-2023,Manacus manacus,468,1,E,P_01,23830,P_01_E_03,4,0,NA,NA,NA,NA,,,,,,,,,,,,,,,,,,
Nov-2023,Chiroxiphia galeata,482,1,H,P_01,23830,P_01_H_02,20,0,NA,NA,NA,NA,,,,,,,,,,,,,,,,,,
Nov-2023,Manacus manacus,064,1,A,P_02,25904,P_02_A_02,8,0,NA,NA,NA,NA,,,,,,,,,,,,,,,,,,
Nov-2023,Manacus manacus,064,1,A,P_02,25904,P_02_A_03,5,0,NA,NA,NA,NA,,,,,,,,,,,,,,,,,,
Nov-2023,Eucometis penicillata,052,1,B,P_02,25904,P_02_B_02,11,0,NA,NA,NA,NA,,,,,,,,,,,,,,,,,,
Nov-2023,Eucometis penicillata,052,1,B,P_02,25904,P_02_B_03,6,0,NA,NA,NA,NA,,,,,,,,,,,,,,,,,,
Nov-2023,Eucometis penicillata,052,1,B,P_02,25904,P_02_B_04,6,0,NA,NA,NA,NA,,,,,,,,,,,,,,,,,,
Nov-2023,Eucometis penicillata,052,1,B,P_02,25904,P_02_B_05,6,0,NA,NA,NA,NA,,,,,,,,,,,,,,,,,,
Nov-2023,Eucometis penicillata,052,1,B,P_02,25904,P_02_B_06,10,0,NA,NA,NA,NA,,,,,,,,,,,,,,,,,,
Nov-2023,Eucometis penicillata,052,1,B,P_02,25904,P_02_B_07,4,0,NA,NA,NA,NA,,,,,,,,,,,,,,,,,,
Nov-2023,Eucometis penicillata,052,1,B,P_02,25904,P_02_B_08,2,0,NA,NA,NA,NA,,,,,,,,,,,,,,,,,,
Nov-2023,Chiroxiphia galeata,410,1,C,P_02,25904,P_02_C_02,5,0,NA,NA,NA,NA,,,,,,,,,,,,,,,,,,
Nov-2023,Chiroxiphia galeata,412,1,D,P_02,25904,P_02_D_02,6,0,NA,NA,NA,NA,,,,,,,,,,,,,,,,,,
Nov-2023,Chiroxiphia galeata,412,1,D,P_02,25904,P_02_D_03,2,0,NA,NA,NA,NA,,,,,,,,,,,,,,,,,,
Nov-2023,Chiroxiphia galeata,268,1,H,P_02,25904,P_02_H_01,18,0,NA,NA,NA,NA,leave at family level,,,,,,,,,,,,,,,,,
Nov-2023,Thlypopsis sordida,473,0,A,P_03,43495,P_03_A_04,15,0,NA,NA,NA,NA,,,,,,,,,,,,,,,,,,
Nov-2023,Thlypopsis sordida,473,0,A,P_03,43495,P_03_A_05,7,0,NA,NA,NA,NA,,,,,,,,,,,,,,,,,,
Nov-2023,Thlypopsis sordida,473,0,A,P_03,43495,P_03_A_06,9,0,NA,NA,NA,NA,,,,,,,,,,,,,,,,,,
Nov-2023,Thlypopsis sordida,473,0,A,P_03,43495,P_03_A_07,2,0,NA,NA,NA,NA,,,,,,,,,,,,,,,,,,
Nov-2023,Manacus manacus,286,1,B,P_03,43495,P_03_B_04,480,2,NA,NA,NA,NA,<98% match with any organism,,,,,,,,,,,,,,,,,
Nov-2023,Manacus manacus,286,1,B,P_03,43495,P_03_B_05,486,2,NA,NA,NA,NA,<98% match with any organism,,,,,,,,,,,,,,,,,
Nov-2023,Manacus manacus,286,1,B,P_03,43495,P_03_B_06,235,2,NA,NA,NA,NA,<98% match with any organism,,,,,,,,,,,,,,,,,
Nov-2023,Manacus manacus,286,1,B,P_03,43495,P_03_B_07,313,2,NA,NA,NA,NA,<98% match with any organism,,,,,,,,,,,,,,,,,
Nov-2023,Manacus manacus,286,1,B,P_03,43495,P_03_B_08,82,2,NA,NA,NA,NA,<98% match with any organism,,,,,,,,,,,,,,,,,
Nov-2023,Manacus manacus,286,1,B,P_03,43495,P_03_B_09,324,2,NA,NA,NA,NA,<98% match with any organism,,,,,,,,,,,,,,,,,
Nov-2023,Manacus manacus,286,1,B,P_03,43495,P_03_B_10,112,2,NA,NA,NA,NA,<98% match with any organism,,,,,,,,,,,,,,,,,
Nov-2023,Manacus manacus,286,1,B,P_03,43495,P_03_B_11,153,2,NA,NA,NA,NA,<98% match with any organism,,,,,,,,,,,,,,,,,
Nov-2023,Manacus manacus,286,1,B,P_03,43495,P_03_B_12,49,2,NA,NA,NA,NA,<98% match with any organism,,,,,,,,,,,,,,,,,
Nov-2023,Manacus manacus,286,1,B,P_03,43495,P_03_B_13,43,2,NA,NA,NA,NA,<98% match with any organism,,,,,,,,,,,,,,,,,
Nov-2023,Manacus manacus,286,1,B,P_03,43495,P_03_B_14,35,2,NA,NA,NA,NA,<98% match with any organism,,,,,,,,,,,,,,,,,
Nov-2023,Manacus manacus,286,1,B,P_03,43495,P_03_B_15,38,2,NA,NA,NA,NA,<98% match with any organism,,,,,,,,,,,,,,,,,
Nov-2023,Manacus manacus,286,1,B,P_03,43495,P_03_B_16,45,2,NA,NA,NA,NA,<98% match with any organism,,,,,,,,,,,,,,,,,
Nov-2023,Manacus manacus,286,1,B,P_03,43495,P_03_B_17,47,2,NA,NA,NA,NA,<98% match with any organism,,,,,,,,,,,,,,,,,
Nov-2023,Manacus manacus,286,1,B,P_03,43495,P_03_B_18,18,0,NA,NA,NA,NA,,,,,,,,,,,,,,,,,,
Nov-2023,Manacus manacus,286,1,B,P_03,43495,P_03_B_19,31,2,NA,NA,NA,NA,<98% match with any organism,,,,,,,,,,,,,,,,,
Nov-2023,Manacus manacus,286,1,B,P_03,43495,P_03_B_20,56,2,NA,NA,NA,NA,<98% match with any organism,,,,,,,,,,,,,,,,,
Nov-2023,Manacus manacus,286,1,B,P_03,43495,P_03_B_21,13,0,NA,NA,NA,NA,,,,,,,,,,,,,,,,,,
Nov-2023,Manacus manacus,286,1,B,P_03,43495,P_03_B_22,17,0,NA,NA,NA,NA,,,,,,,,,,,,,,,,,,
Nov-2023,Manacus manacus,286,1,B,P_03,43495,P_03_B_23,13,0,NA,NA,NA,NA,,,,,,,,,,,,,,,,,,
Nov-2023,Manacus manacus,286,1,B,P_03,43495,P_03_B_24,11,0,NA,NA,NA,NA,,,,,,,,,,,,,,,,,,
Nov-2023,Manacus manacus,286,1,B,P_03,43495,P_03_B_25,19,0,NA,NA,NA,NA,,,,,,,,,,,,,,,,,,
Nov-2023,Manacus manacus,286,1,B,P_03,43495,P_03_B_26,9,0,NA,NA,NA,NA,,,,,,,,,,,,,,,,,,
Nov-2023,Manacus manacus,286,1,B,P_03,43495,P_03_B_27,56,2,NA,NA,NA,NA,<98% match with any organism,,,,,,,,,,,,,,,,,
Nov-2023,Manacus manacus,286,1,B,P_03,43495,P_03_B_28,22,2,NA,NA,NA,NA,<98% match with any organism,,,,,,,,,,,,,,,,,
Nov-2023,Manacus manacus,286,1,B,P_03,43495,P_03_B_29,6,0,NA,NA,NA,NA,,,,,,,,,,,,,,,,,,
Nov-2023,Manacus manacus,286,1,B,P_03,43495,P_03_B_30,5,0,NA,NA,NA,NA,,,,,,,,,,,,,,,,,,
Nov-2023,Manacus manacus,286,1,B,P_03,43495,P_03_B_31,13,0,NA,NA,NA,NA,,,,,,,,,,,,,,,,,,
Nov-2023,Manacus manacus,286,1,B,P_03,43495,P_03_B_32,4,0,NA,NA,NA,NA,,,,,,,,,,,,,,,,,,
Nov-2023,Manacus manacus,286,1,B,P_03,43495,P_03_B_33,38,2,NA,NA,NA,NA,<98% match with any organism,,,,,,,,,,,,,,,,,
Nov-2023,Manacus manacus,286,1,B,P_03,43495,P_03_B_34,8,0,NA,NA,NA,NA,,,,,,,,,,,,,,,,,,
Nov-2023,Manacus manacus,286,1,B,P_03,43495,P_03_B_35,8,0,NA,NA,NA,NA,,,,,,,,,,,,,,,,,,
Nov-2023,Manacus manacus,286,1,B,P_03,43495,P_03_B_36,12,0,NA,NA,NA,NA,,,,,,,,,,,,,,,,,,
Nov-2023,Manacus manacus,286,1,B,P_03,43495,P_03_B_37,12,0,NA,NA,NA,NA,,,,,,,,,,,,,,,,,,
Nov-2023,Manacus manacus,286,1,B,P_03,43495,P_03_B_38,2,0,NA,NA,NA,NA,,,,,,,,,,,,,,,,,,
Nov-2023,Manacus manacus,286,1,B,P_03,43495,P_03_B_39,2,0,NA,NA,NA,NA,,,,,,,,,,,,,,,,,,
Nov-2023,Manacus manacus,286,1,B,P_03,43495,P_03_B_40,6,0,NA,NA,NA,NA,,,,,,,,,,,,,,,,,,
Nov-2023,Manacus manacus,286,1,B,P_03,43495,P_03_B_41,2,0,NA,NA,NA,NA,,,,,,,,,,,,,,,,,,
Nov-2023,Manacus manacus,286,1,B,P_03,43495,P_03_B_42,2,0,NA,NA,NA,NA,,,,,,,,,,,,,,,,,,
Nov-2023,Manacus manacus,286,1,B,P_03,43495,P_03_B_43,10,0,NA,NA,NA,NA,,,,,,,,,,,,,,,,,,
Nov-2023,Manacus manacus,286,1,B,P_03,43495,P_03_B_44,2,0,NA,NA,NA,NA,,,,,,,,,,,,,,,,,,
Nov-2023,Manacus manacus,286,1,B,P_03,43495,P_03_B_45,4,0,NA,NA,NA,NA,,,,,,,,,,,,,,,,,,
Nov-2023,Manacus manacus,286,1,B,P_03,43495,P_03_B_46,2,0,NA,NA,NA,NA,,,,,,,,,,,,,,,,,,
Nov-2023,Manacus manacus,286,1,B,P_03,43495,P_03_B_47,4,0,NA,NA,NA,NA,,,,,,,,,,,,,,,,,,
Nov-2023,Manacus manacus,286,1,B,P_03,43495,P_03_B_48,8,0,NA,NA,NA,NA,,,,,,,,,,,,,,,,,,
Nov-2023,Manacus manacus,286,1,B,P_03,43495,P_03_B_49,10,0,NA,NA,NA,NA,,,,,,,,,,,,,,,,,,
Nov-2023,Manacus manacus,286,1,B,P_03,43495,P_03_B_50,6,0,NA,NA,NA,NA,,,,,,,,,,,,,,,,,,
Nov-2023,Manacus manacus,286,1,B,P_03,43495,P_03_B_51,2,0,NA,NA,NA,NA,,,,,,,,,,,,,,,,,,
Nov-2023,Manacus manacus,286,1,B,P_03,43495,P_03_B_52,2,0,NA,NA,NA,NA,,,,,,,,,,,,,,,,,,
Nov-2023,Manacus manacus,286,1,B,P_03,43495,P_03_B_53,2,0,NA,NA,NA,NA,,,,,,,,,,,,,,,,,,
Nov-2023,Manacus manacus,286,1,B,P_03,43495,P_03_B_54,2,0,NA,NA,NA,NA,,,,,,,,,,,,,,,,,,
Nov-2023,Manacus manacus,286,1,B,P_03,43495,P_03_B_55,2,0,NA,NA,NA,NA,,,,,,,,,,,,,,,,,,
Nov-2023,Manacus manacus,286,1,B,P_03,43495,P_03_B_56,2,0,NA,NA,NA,NA,,,,,,,,,,,,,,,,,,
Nov-2023,Manacus manacus,286,1,B,P_03,43495,P_03_B_57,2,0,NA,NA,NA,NA,,,,,,,,,,,,,,,,,,
Nov-2023,Manacus manacus,286,1,B,P_03,43495,P_03_B_58,2,0,NA,NA,NA,NA,,,,,,,,,,,,,,,,,,
Nov-2023,Manacus manacus,286,1,B,P_03,43495,P_03_B_59,2,0,NA,NA,NA,NA,,,,,,,,,,,,,,,,,,
Nov-2023,Manacus manacus,286,1,B,P_03,43495,P_03_B_60,2,0,NA,NA,NA,NA,,,,,,,,,,,,,,,,,,
Nov-2023,Manacus manacus,286,1,B,P_03,43495,P_03_B_61,2,0,NA,NA,NA,NA,,,,,,,,,,,,,,,,,,
Nov-2023,Stilpnia cayana,179,0,C,P_03,43495,P_03_C_02,2,0,NA,NA,NA,NA,,,,,,,,,,,,,,,,,,
Nov-2023,Stilpnia cayana,179,0,C,P_03,43495,P_03_C_03,2,0,NA,NA,NA,NA,,,,,,,,,,,,,,,,,,
Nov-2023,Chiroxiphia galeata,195,1,E,P_03,43495,P_03_E_02,2,0,NA,NA,NA,NA,,,,,,,,,,,,,,,,,,
Nov-2023,Chiroxiphia galeata,360,1,H,P_03,43495,P_03_H_01,4,0,NA,NA,NA,NA,,,,,,,,,,,,,,,,,,
Nov-2023,Turdus leucomelas,422,0,A,P_04,30995,P_04_A_02,3,0,NA,NA,NA,NA,,,,,,,,,,,,,,,,,,
Nov-2023,Turdus leucomelas,422,0,A,P_04,30995,P_04_A_03,2,0,NA,NA,NA,NA,,,,,,,,,,,,,,,,,,
Nov-2023,Turdus leucomelas,201,1,B,P_04,30995,P_04_B_03,2525,2,NA,NA,NA,NA,<98% similarity with any organism,,,,,,,,,,,,,,,,,
Nov-2023,Turdus leucomelas,201,1,B,P_04,30995,P_04_B_04,53,2,NA,NA,NA,NA,<98% similarity with any organism,,,,,,,,,,,,,,,,,
Nov-2023,Turdus leucomelas,201,1,B,P_04,30995,P_04_B_05,5,0,NA,NA,NA,NA,,,,,,,,,,,,,,,,,,
Nov-2023,Turdus leucomelas,201,1,B,P_04,30995,P_04_B_06,5,0,NA,NA,NA,NA,,,,,,,,,,,,,,,,,,
Nov-2023,Turdus leucomelas,201,1,B,P_04,30995,P_04_B_07,32,2,NA,NA,NA,NA,<98% similarity with any organism,,,,,,,,,,,,,,,,,
Nov-2023,Turdus leucomelas,201,1,B,P_04,30995,P_04_B_08,14,0,NA,NA,NA,NA,,,,,,,,,,,,,,,,,,
Nov-2023,Turdus leucomelas,201,1,B,P_04,30995,P_04_B_09,2,0,NA,NA,NA,NA,,,,,,,,,,,,,,,,,,
Nov-2023,Turdus leucomelas,201,1,B,P_04,30995,P_04_B_10,2,0,NA,NA,NA,NA,,,,,,,,,,,,,,,,,,
Nov-2023,Turdus leucomelas,073,1,C,P_04,30995,P_04_C_02,6,0,NA,NA,NA,NA,,,,,,,,,,,,,,,,,,
Nov-2023,Turdus leucomelas,073,1,C,P_04,30995,P_04_C_03,2,0,NA,NA,NA,NA,,,,,,,,,,,,,,,,,,
Nov-2023,Pitangus sulphuratus,242,1,D,P_04,30995,P_04_D_02,3,0,NA,NA,NA,NA,,,,,,,,,,,,,,,,,,
Nov-2023,Tachyphonus coronatus,419,1,E,P_04,30995,P_04_E_03,18,0,NA,NA,NA,NA,,,,,,,,,,,,,,,,,,
Nov-2023,Tachyphonus coronatus,419,1,E,P_04,30995,P_04_E_04,9,0,NA,NA,NA,NA,,,,,,,,,,,,,,,,,,
Nov-2023,Tachyphonus coronatus,419,1,E,P_04,30995,P_04_E_05,8,0,NA,NA,NA,NA,,,,,,,,,,,,,,,,,,
Nov-2023,Tachyphonus coronatus,419,1,E,P_04,30995,P_04_E_06,7,0,NA,NA,NA,NA,,,,,,,,,,,,,,,,,,
Nov-2023,Tachyphonus coronatus,419,1,E,P_04,30995,P_04_E_07,2,0,NA,NA,NA,NA,,,,,,,,,,,,,,,,,,
Nov-2023,Tachyphonus coronatus,419,1,E,P_04,30995,P_04_E_08,2,0,NA,NA,NA,NA,,,,,,,,,,,,,,,,,,
Nov-2023,Eucometis penicillata,052,1,B,P_02,25904,P_02_B_01,20227,1,Salicaceae,Casearia,Casearia sylvestris,Casearia sylvestris,,,,,,,,,,,,,,,,,,
Nov-2023,Turdus leucomelas,053,1,A,P_05,23036,P_05_A_01,837,1,Salicaceae,Casearia,Casearia sylvestris,Casearia sylvestris,,,,,,,,,,,,,,,,,,
Nov-2023,Turdus leucomelas,053,1,A,P_05,23036,P_05_A_02,43,1,Lauraceae,Ocotea,Cinnamomum nitidum,Licaria cannella,,,,,,,,,,,,,,,,,,
Nov-2023,Manacus manacus,064,1,A,P_02,25904,P_02_A_01,808,1,Melastomataceae,Miconia ,Miconia pusilliflora,Clidemia urceolata,,,,,,,,,,,,,,,,,,
Nov-2023,Tachyphonus coronatus,070,1,B,P_05,23036,P_05_B_02,15,0,NA,NA,NA,NA,,,,,,,,,,,,,,,,,,
Nov-2023,Tachyphonus coronatus,070,1,B,P_05,23036,P_05_B_03,2,0,NA,NA,NA,NA,,,,,,,,,,,,,,,,,,
Nov-2023,Tachyphonus coronatus,070,1,B,P_05,23036,P_05_B_04,4,0,NA,NA,NA,NA,,,,,,,,,,,,,,,,,,
Nov-2023,Tachyphonus coronatus,070,1,B,P_05,23036,P_05_B_05,2,0,NA,NA,NA,NA,,,,,,,,,,,,,,,,,,
Nov-2023,Tachyphonus coronatus,070,1,B,P_05,23036,P_05_B_06,2,0,NA,NA,NA,NA,,,,,,,,,,,,,,,,,,
Nov-2023,Tachyphonus coronatus,070,1,B,P_05,23036,P_05_B_07,2,0,NA,NA,NA,NA,,,,,,,,,,,,,,,,,,
Nov-2023,Tachyphonus coronatus,070,1,B,P_05,23036,P_05_B_01,18106,1,Salicaceae,Casearia ,Casearia sylvestris,Casearia sylvestris,,,,,,,,,,,,,,,,,,
Nov-2023,Turdus amaurochalinus,199,1,C,P_05,23036,P_05_C_02,2,0,NA,NA,NA,NA,,,,,,,,,,,,,,,,,,
Nov-2023,Turdus leucomelas,073,1,C,P_04,30995,P_04_C_01,49,1,Solanaceae,Cestrum,Nicotiana solanifolia,Nicotiana rustica,,,,,,,,,,,,,,,,,,
Nov-2023,Turdus leucomelas,308,0,D,P_05,23036,P_05_D_02,3,0,NA,NA,NA,NA,,,,,,,,,,,,,,,,,,
Nov-2023,Turdus leucomelas,308,0,D,P_05,23036,P_05_D_03,2,0,NA,NA,NA,NA,,,,,,,,,,,,,,,,,,
Nov-2023,Eucometis penicillata,084,1,D,P_03,43495,P_03_D_01,216,1,Salicaceae,Casearia,Casearia sylvestris,Casearia sylvestris,,,,,,,,,,,,,,,,,,
Nov-2023,Turdus leucomelas,198,1,H,P_05,23036,P_05_H_02,2,0,NA,NA,NA,NA,,,,,,,,,,,,,,,,,,
Nov-2023,Chiroxiphia galeata,113,1,B,P_01,23830,P_01_B_01,16039,1,Rubiaceae,Psychotria,Psychotria mangenotii ,Psychotria horizontalis,,,,,,,,,,,,,,,,,,
Nov-2023,Chiroxiphia galeata,113,1,B,P_01,23830,P_01_B_02,44,1,Euphorbiaceae,Alchornea,Alchornea glandulosa,Alchornea costaricensis,,,,,,,,,,,,,,,,,,
Nov-2023,Chiroxiphia galeata,113,1,B,P_01,23830,P_01_B_03,44,1,Rubiaceae,Psychotria,Psychotria sp.,Psychotria avakubiensis,Psychotria vellosiana,,,,,,,,,,,,,,,,,
Nov-2023,Chiroxiphia galeata,113,1,B,P_01,23830,P_01_B_04,28,1,Rubiaceae,Psychotria,Psychotria sp.,Psychotria horizontalis,,,,,,,,,,,,,,,,,,
Nov-2023,Chiroxiphia galeata,132,1,A,P_01,23830,P_01_A_01,1236,1,Melastomataceae,Miconia,Miconia tococaudata,Miconia trinervia,,,,,,,,,,,,,,,,,,
Nov-2023,Chiroxiphia galeata,132,1,A,P_01,23830,P_01_A_02,501,1,Boraginaceae,Cordia,Cordia spinescens ,Cordia linnaei,,,,,,,,,,,,,,,,,,
Nov-2023,Chiroxiphia galeata,132,1,A,P_01,23830,P_01_A_03,30,1,Araliaceae,Dendropanax,Eleutherococcus gracilistylus,Hedera helix,,,,,,,,,,,,,,,,,,
Nov-2023,Chiroxiphia galeata,132,1,A,P_01,23830,P_01_A_05,56,1,Boraginaceae,Cordia,Cordia spinescens ,Cordia linnaei,,,,,,,,,,,,,,,,,,
Nov-2023,Stilpnia cayana,179,0,C,P_03,43495,P_03_C_01,135,1,Melastomataceae,Miconia,Miconia pusilliflora,Clidemia urceolata,,,,,,,,,,,,,,,,,,
Nov-2023,Turdus amaurochalinus,181,1,H,P_04,30995,P_04_H_01,56,1,Melastomataceae,Miconia,Miconia pusilliflora,Clidemia urceolata,,,,,,,,,,,,,,,,,,
Nov-2023,Chiroxiphia galeata,195,1,E,P_03,43495,P_03_E_01,74,1,Rosaceae,Rubus,Rubus amabilis,Rubus trivialis,check seeds ,,,,,,,,,,,,,,,,,
Nov-2023,Turdus leucomelas,198,1,H,P_05,23036,P_05_H_01,62,1,Myrtaceae,Eugenia ,Psidium cattleyanum,Vochysia guatemalensis,"leave at family level,, check seeds",,,,,,,,,,,,,,,,,
Nov-2023,Turdus amaurochalinus,199,1,C,P_05,23036,P_05_C_01,35,1,Sapindaceae,Allophylus,Allophylus edulis,Allophylus natalensis,,,,,,,,,,,,,,,,,,
Nov-2023,Turdus leucomelas,201,1,B,P_04,30995,P_04_B_01,20305,1,Myrtaceae,Eugenia ,Myrcianthes pungens,Pimenta guatemalensis,,,,,,,,,,,,,,,,,,
Nov-2023,Turdus leucomelas,201,1,B,P_04,30995,P_04_B_02,2449,1,Sapindaceae,Allophylus,Allophylus edulis,Allophylus natalensis,,,,,,,,,,,,,,,,,,
Nov-2023,Pitangus sulphuratus,242,1,D,P_04,30995,P_04_D_01,376,1,Melastomataceae,Miconia,Miconia pusilliflora,Clidemia urceolata,,,,,,,,,,,,,,,,,,
Nov-2023,Tachyphonus coronatus,253,1,E,P_05,23036,P_05_E_01,231,1,Melastomataceae,Miconia,Miconia pusilliflora,Clidemia urceolata,,,,,,,,,,,,,,,,,,
Nov-2023,Chiroxiphia galeata,255,1,E,P_02,25904,P_02_E_01,201,1,Melastomataceae,Miconia,Miconia pusilliflora,Clidemia urceolata,,,,,,,,,,,,,,,,,,
Nov-2023,Manacus manacus,286,1,B,P_03,43495,P_03_B_01,19259,1,Asteraceae,Tilesia,Wollastonia biflora,Tilesia baccata,"Tilesia or Wollastonia, either way, introduced",https://www.sciencedirect.com/science/article/pii/S0367253013000649?casa_token=_vjOi0yFM_EAAAAA:oSUgyNjHG-HnGCCOVns1fIQ6iOrnMQ7TdrMTOKUdOHCmVEPtlUlpIL8ke42n6pMS-v9qxPqhA9xP,,,,,,,,,,,,,,,,
Nov-2023,Manacus manacus,286,1,B,P_03,43495,P_03_B_02,4900,1,Boraginaceae,Myriopus,Myriopus salzmannii,Tournefortia volubilis,Tournefortia volubilis? https://www.colecionandofrutas.com.br/tournefortiarubicunda.htm Myriopus cf. rubicundus,,,,,,,,,,,,,,,,,
Nov-2023,Manacus manacus,286,1,B,P_03,43495,P_03_B_03,2586,1,Sapindaceae,Serjania/Paullinia,Serjania brachycarpa,Paullinia cururu,Serjania or Paullinia,,,,,,,,,,,,,,,,,
Nov-2023,Chiroxiphia galeata,297,1,C,P_01,23830,P_01_C_01,32,1,Siparunaceae,Siparuna,Siparuna guianensis,Siparuna macrotepala,,,,,,,,,,,,,,,,,,
Nov-2023,Turdus leucomelas,308,0,D,P_05,23036,P_05_D_01,149,1,Sapindaceae,Serjania/Paullinia,Serjania brachycarpa,Paullinia cururu,Serjania or Paullinia,,,,,,,,,,,,,,,,,
Nov-2023,Chiroxiphia galeata,381,1,D,P_01,23830,P_01_D_01,201,1,Rubiaceae,Psychotria,Palicourea guianensis,Psychotria pubescens,,,,,,,,,,,,,,,,,,
Nov-2023,Chiroxiphia galeata,381,1,D,P_01,23830,P_01_D_02,51,1,Verbenaceae,Lippia/Lantana,Lippia origanoides,Lantana camara,Lippia or Lantana,,,,,,,,,,,,,,,,,
Nov-2023,Chiroxiphia galeata,410,1,C,P_02,25904,P_02_C_01,106,1,Myrtaceae,Myrciaria,Myrciaria floribunda,Vochysia guatemalensis,"in neighboring plot, Myrciaria is now Myrcia ",,,,,,,,,,,,,,,,,
Nov-2023,Chiroxiphia galeata,412,1,D,P_02,25904,P_02_D_01,242,1,Meliaceae,Trichilia,Dysoxylum carolinae,Trichilia poeppigii,,,,,,,,,,,,,,,,,,
Nov-2023,Tachyphonus coronatus,419,1,E,P_04,30995,P_04_E_01,93,1,Amaranthaceae,Chamissoa,Chamissoa altissima,Chamissoa altissima,Chamissoa or Amaranthus,,,,,,,,,,,,,,,,,
Nov-2023,Tachyphonus coronatus,419,1,E,P_04,30995,P_04_E_02,31,1,Piperaceae,Piper,Piper amalago,Piper amalago,,,,,,,,,,,,,,,,,,
Nov-2023,Turdus leucomelas,422,0,A,P_04,30995,P_04_A_01,395,1,Poaceae,Oryza,Oryza sativa,Oryza sativa,rice!,,,,,,,,,,,,,,,,,
Nov-2023,Manacus manacus,468,1,E,P_01,23830,P_01_E_01,163,1,Melastomataceae,Miconia,Miconia pusilliflora,Clidemia urceolata,,,,,,,,,,,,,,,,,,
Nov-2023,Thlypopsis sordida,473,0,A,P_03,43495,P_03_A_01,177,1,Malvaceae,Luehea,Luehea grandiflora,Luehea seemannii,,,,,,,,,,,,,,,,,,
Nov-2023,Thlypopsis sordida,473,0,A,P_03,43495,P_03_A_02,70,1,Sapindaceae,Serjania/Paullinia,Serjania brachycarpa ,Paullinia cururu,Serjania or Paullinia,,,,,,,,,,,,,,,,,
Nov-2023,Thlypopsis sordida,473,0,A,P_03,43495,P_03_A_03,58,1,Fabaceae,Leucaena,Leucaena leucocephala,Leucaena leucocephala,,,,,,,,,,,,,,,,,,
Nov-2023,Chiroxiphia galeata,482,1,H,P_01,23830,P_01_H_01,22,1,Primulaceae,Stylogyne,Embelia philippinensis,Stylogyne cauliflora,changed ID on 31/july/2024,,,,,,,,,,,,,,,,,
Jul-2024,Thlypopsis sordida,252,1,C,P_07,1107,P_07_C_00,NA,3,NA,NA,NA,NA,not successfully sequenced,,,,,,,,,,,,,,,,,
Jul-2024,Eucometis penicillata,400,1,D,P_07,1107,P_07_D_00,NA,3,NA,NA,NA,NA,,,,,,,,,,,,,,,,,,
Jul-2024,Ramphocelus carbo,109,1,H,P_07,1107,P_07_H_00,NA,3,NA,NA,NA,NA,,,,,,,,,,,,,,,,,,
Jul-2024,Lathrotriccus euleri,365,1,A,P_08,291,P_08_A_00,NA,3,NA,NA,NA,NA,,,,,,,,,,,,,,,,,,
Jul-2024,Chiroxiphia galeata,385,1,C,P_08,291,P_08_C_00,NA,3,NA,NA,NA,NA,,,,,,,,,,,,,,,,,,
Jul-2024,Leptopogon amaurocephalus,075,1,D,P_08,291,P_08_D_00,NA,3,NA,NA,NA,NA,,,,,,,,,,,,,,,,,,
Jul-2024,Myiodynastes maculatus,104,1,E,P_08,291,P_08_E_00,NA,3,NA,NA,NA,NA,,,,,,,,,,,,,,,,,,
Jul-2024,Pitangus sulphuratus,238,1,H,P_08,291,P_08_H_00,NA,3,NA,NA,NA,NA,,,,,,,,,,,,,,,,,,
Jul-2024,Chiroxiphia galeata,458,1,C,P_11,16177,P_11_C_00,NA,3,NA,NA,NA,NA,,,,,,,,,,,,,,,,,,
Jul-2024,Eucometis penicillata,040,1,A,P_09,25923,P_09_A_01,136,1,Salicaceae,Casearia,Casearia sylvestris,Casearia sylvestris,same as seeds found!,,,,,,,,,,,,,,,,,
Jul-2024,Cnemotriccus fuscatus,043,1,B,P_12,26460,P_12_B_01,18446,1,Salicaceae,Casearia,Casearia sylvestris,Casearia sylvestris,,,,,,,,,,,,,,,,,,
Jul-2024,Cnemotriccus fuscatus,043,1,B,P_12,26460,P_12_B_02,1000,1,Meliaceae,Trichilia ,Dysoxylum densiflorum,Dysoxylum densiflorum,,,,,,,,,,,,,,,,,,
Jul-2024,Cnemotriccus fuscatus,043,1,B,P_12,26460,P_12_B_03,146,1,Combretaceae,Terminalia,Terminalia guyanensis,Terminalia foetidissima,,,,,,,,,,,,,,,,,,
Jul-2024,Cnemotriccus fuscatus,043,1,B,P_12,26460,P_12_B_07,25,1,Salicaceae,Casearia,Ryania speciosa,Casearia arborea,,,,,,,,,,,,,,,,,,
Jul-2024,Nemosia pileata,050,1,H,P_09,25923,P_09_H_01,23,1,Salicaceae,Casearia,Casearia sylvestris,Casearia sylvestris,,,,,,,,,,,,,,,,,,
Jul-2024,Chiroxiphia galeata,087,1,C,P_09,25923,P_09_C_01,114,1,Myrtaceae,Myrcia,Calyptranthes concinna,Calyptranthes chiapensis,"esse genero não existe mais, é tudo Myrcia agora",,,,,,,,,,,,,,,,,
Jul-2024,blank,blank,NA,C,P_13,996,P_13_C_00,NA,5,NA,NA,NA,NA,,,,,,,,,,,,,,,,,,
Jul-2024,blank,blank,NA,D,P_13,996,P_13_D_00,NA,5,NA,NA,NA,NA,,,,,,,,,,,,,,,,,,
Jul-2024,blank,blank,NA,E,P_13,996,P_13_E_00,NA,5,NA,NA,NA,NA,,,,,,,,,,,,,,,,,,
Jul-2024,blank,blank,NA,H,P_13,996,P_13_H_00,NA,5,NA,NA,NA,NA,,,,,,,,,,,,,,,,,,
Jul-2024,blank,blank,NA,A,P_13,996,P_13_A_01,22,5,Melastomataceae,Miconia,Miconia pusilliflora,Clidemia urceolata,,,,,,,,,,,,,,,,,,
Jul-2024,blank,blank,NA,B,P_13,996,P_13_B_01,427,5,Moraceae,Morus,Milicia regia,Streblus pendulinus,,,,,,,,,,,,,,,,,,
Jul-2024,blank,blank,NA,B,P_13,996,P_13_B_02,97,5,Melastomataceae,Miconia,Miconia pusilliflora,Clidemia urceolata,,,,,,,,,,,,,,,,,,
Jul-2024,blank,blank,NA,B,P_13,996,P_13_B_03,7,0,NA,NA,NA,NA,,,,,,,,,,,,,,,,,,
Jul-2024,Manacus manacus,437,1,A,P_07,1107,P_07_A_01,18,0,NA,NA,NA,NA,,,,,,,,,,,,,,,,,,
Jul-2024,Tachyphonus coronatus,272,1,B,P_07,1107,P_07_B_03,11,0,NA,NA,NA,NA,"detected as contamination in tag B, < 427 reads, excluded sampled ",,,,,,,,,,,,,,,,,
Jul-2024,Tachyphonus coronatus,272,1,B,P_07,1107,P_07_B_04,13,0,NA,NA,NA,NA,contamination?,,,,,,,,,,,,,,,,,
Jul-2024,Tachyphonus coronatus,272,1,B,P_07,1107,P_07_B_05,15,0,NA,NA,NA,NA,"detected as contamination in tag B, < 97 reads",,,,,,,,,,,,,,,,,
Jul-2024,Tachyphonus coronatus,272,1,B,P_07,1107,P_07_B_06,2,0,NA,NA,NA,NA,contamination?,,,,,,,,,,,,,,,,,
Jul-2024,Tachyphonus coronatus,272,1,B,P_07,1107,P_07_B_07,2,0,NA,NA,NA,NA,contamination?,,,,,,,,,,,,,,,,,
Jul-2024,Tachyphonus coronatus,420,1,E,P_07,1107,P_07_E_01,4,0,NA,NA,NA,NA,same as seeds found!,,,,,,,,,,,,,,,,,
Jul-2024,Myiarchus ferox,241,1,B,P_08,291,P_08_B_02,26,4,Moraceae,Morus,Milicia regia,Streblus pendulinus,"detected as contamination in tag B, < 427 reads",,,,,,,,,,,,,,,,,
Jul-2024,Myiarchus ferox,241,1,B,P_08,291,P_08_B_03,7,0,Moraceae,Morus,Milicia regia,Streblus pendulinus,contamination?,,,,,,,,,,,,,,,,,
Jul-2024,Myiarchus ferox,241,1,B,P_08,291,P_08_B_04,9,0,NA,NA,NA,NA,contamination?,,,,,,,,,,,,,,,,,
Jul-2024,Myiarchus ferox,241,1,B,P_08,291,P_08_B_05,2,0,NA,NA,NA,NA,"detected as contamination in tag B, < 7 reads",,,,,,,,,,,,,,,,,
Jul-2024,Myiarchus ferox,241,1,B,P_08,291,P_08_B_06,2,0,NA,NA,NA,NA,contamination?,,,,,,,,,,,,,,,,,
Jul-2024,Arremon flavirostris,099,1,E,P_11,16177,P_11_E_01,47,1,Sapindaceae,Serjania/Paullinia,Serjania brachycarpa,Paullinia cururu,,,,,,,,,,,,,,,,,,
Jul-2024,Arremon flavirostris,099,1,E,P_11,16177,P_11_E_02,26,1,Solanaceae,Nicotiana,Nicotiana solanifolia,Nicotiana rustica,small solanaceae present is probably Solanum americananum,,,,,,,,,,,,,,,,,
Jul-2024,Ramphocelus carbo,103,1,D,P_11,16177,P_11_D_01,65,1,Solanaceae,Nicotiana,Nicotiana solanifolia,Nicotiana rustica,,,,,,,,,,,,,,,,,,
Jul-2024,Chiroxiphia galeata,384,1,B,P_09,25923,P_09_B_03,2,0,NA,NA,NA,NA,,,,,,,,,,,,,,,,,,
Jul-2024,Chiroxiphia galeata,384,1,B,P_09,25923,P_09_B_04,4,0,NA,NA,NA,NA,,,,,,,,,,,,,,,,,,
Jul-2024,Chiroxiphia galeata,384,1,B,P_09,25923,P_09_B_05,2,0,NA,NA,NA,NA,,,,,,,,,,,,,,,,,,
Jul-2024,Ramphocelus carbo,103,1,D,P_11,16177,P_11_D_02,94,1,Boraginaceae,Cordia,Cordia spinescens,Cordia linnaei,,,,,,,,,,,,,,,,,,
Jul-2024,Chiroxiphia galeata,087,1,C,P_09,25923,P_09_C_02,9,0,NA,NA,NA,NA,,,,,,,,,,,,,,,,,,
Jul-2024,Ramphocelus carbo,110,1,A,P_11,16177,P_11_A_01,1310,1,Solanaceae,Cestrum,Nicotiana solanifolia,Nicotiana rustica,,,,,,,,,,,,,,,,,,
Jul-2024,Manacus manacus,287,1,D,P_09,25923,P_09_D_02,20,0,NA,NA,NA,NA,,,,,,,,,,,,,,,,,,
Jul-2024,Manacus manacus,287,1,D,P_09,25923,P_09_D_03,6,0,NA,NA,NA,NA,,,,,,,,,,,,,,,,,,
Jul-2024,Ramphocelus carbo,110,1,A,P_11,16177,P_11_A_02,100,1,Urticaceae,Cecropia,Cecropia pachystachya,Coussapoa villosa,,,,,,,,,,,,,,,,,,
Jul-2024,Chiroxiphia galeata,290,1,E,P_09,25923,P_09_E_02,2,0,NA,NA,NA,NA,,,,,,,,,,,,,,,,,,
Jul-2024,Chiroxiphia galeata,290,1,E,P_09,25923,P_09_E_03,2,0,NA,NA,NA,NA,,,,,,,,,,,,,,,,,,
Jul-2024,Chiroxiphia galeata,290,1,E,P_09,25923,P_09_E_04,2,0,NA,NA,NA,NA,,,,,,,,,,,,,,,,,,
Jul-2024,Ramphocelus carbo,110,1,A,P_11,16177,P_11_A_04,31,1,Rhamnaceae,Gouania ,Gouania lupuloides,Gouania lupuloides,,,,,,,,,,,,,,,,,,
Jul-2024,Myiarchus ferox,246,1,A,P_10,14221,P_10_A_03,9,0,NA,NA,NA,NA,,,,,,,,,,,,,,,,,,
Jul-2024,Myiarchus ferox,246,1,A,P_10,14221,P_10_A_04,7,0,NA,NA,NA,NA,,,,,,,,,,,,,,,,,,
Jul-2024,Myiarchus ferox,136,1,B,P_10,14221,P_10_B_02,5,0,NA,NA,NA,NA,,,,,,,,,,,,,,,,,,
Jul-2024,Myiarchus ferox,136,1,B,P_10,14221,P_10_B_03,2,0,NA,NA,NA,NA,,,,,,,,,,,,,,,,,,
Jul-2024,Myiarchus ferox,136,1,B,P_10,14221,P_10_B_04,2,0,NA,NA,NA,NA,,,,,,,,,,,,,,,,,,
Jul-2024,Myiarchus ferox,136,1,B,P_10,14221,P_10_B_05,2,0,NA,NA,NA,NA,,,,,,,,,,,,,,,,,,
Jul-2024,Myiarchus ferox,136,1,B,P_10,14221,P_10_B_08,310,4,Moraceae,Morus,Milicia regia,Streblus pendulinus,"detected as contamination in tag B, < 427 reads",,,,,,,,,,,,,,,,,
Jul-2024,Myiarchus ferox,136,1,B,P_10,14221,P_10_B_09,266,2,Moraceae,Morus,Milicia regia,Streblus pendulinus,93% match ,,,,,,,,,,,,,,,,,
Jul-2024,Myiarchus ferox,136,1,B,P_10,14221,P_10_B_12,31,2,NA,NA,NA,NA,< 98% similarity ,,,,,,,,,,,,,,,,,
Jul-2024,Myiarchus ferox,136,1,B,P_10,14221,P_10_B_13,12,0,NA,NA,NA,NA,97% match ,,,,,,,,,,,,,,,,,
Jul-2024,Turdus amaurochalinus,477,1,D,P_10,14221,P_10_D_02,14,0,NA,NA,NA,NA,,,,,,,,,,,,,,,,,,
Jul-2024,Turdus leucomelas,481,1,E,P_10,14221,P_10_E_02,18,0,NA,NA,NA,NA,,,,,,,,,,,,,,,,,,
Jul-2024,Turdus leucomelas,481,1,E,P_10,14221,P_10_E_03,9,0,NA,NA,NA,NA,,,,,,,,,,,,,,,,,,
Jul-2024,Ramphocelus carbo,110,1,A,P_11,16177,P_11_A_03,16,0,NA,NA,NA,NA,,,,,,,,,,,,,,,,,,
Jul-2024,Myiarchus ferox,136,1,B,P_10,14221,P_10_B_01,4048,1,Fabaceae,Albizia,Schleichera oleosa,Albizia coriaria,Fabaceae according to BOLD,,,,,,,,,,,,,,,,,
Jul-2024,Myiarchus ferox,136,1,B,P_10,14221,P_10_B_06,3055,1,Melastomataceae,Miconia,Miconia pusilliflora,Clidemia urceolata,>97 reads,,,,,,,,,,,,,,,,,
Jul-2024,Myiarchus ferox,136,1,B,P_10,14221,P_10_B_07,565,1,Fabaceae,Albizia,Myroxylon peruiferum,Albizia occidentalis,Fabaceae according to BOLD,,,,,,,,,,,,,,,,,
Jul-2024,Myiarchus ferox,136,1,B,P_10,14221,P_10_B_10,42,1,Solanaceae,Solanum,Capsicum annuum,Datura stramonium,,,,,,,,,,,,,,,,,,
Jul-2024,Myiarchus ferox,136,1,B,P_10,14221,P_10_B_11,27,1,Apocynaceae,Aspidosperma,Aspidosperma ramiflorum,Aspidosperma spruceanum,,,,,,,,,,,,,,,,,,
Jul-2024,Chiroxiphia galeata,447,1,B,P_11,16177,P_11_B_05,256,2,NA,NA,NA,NA,<98% similarity with any organism,,,,,,,,,,,,,,,,,
Jul-2024,Chiroxiphia galeata,447,1,B,P_11,16177,P_11_B_06,154,2,NA,NA,NA,NA,<98% similarity with any organism,,,,,,,,,,,,,,,,,
Jul-2024,Chiroxiphia galeata,447,1,B,P_11,16177,P_11_B_09,48,2,NA,NA,NA,NA,<98% similarity with any organism,,,,,,,,,,,,,,,,,
Jul-2024,Chiroxiphia galeata,447,1,B,P_11,16177,P_11_B_10,79,2,NA,NA,NA,NA,<98% similarity with any organism,,,,,,,,,,,,,,,,,
Jul-2024,Chiroxiphia galeata,447,1,B,P_11,16177,P_11_B_11,84,2,NA,NA,NA,NA,<98% similarity with any organism,,,,,,,,,,,,,,,,,
Jul-2024,Chiroxiphia galeata,447,1,B,P_11,16177,P_11_B_12,70,2,NA,NA,NA,NA,<98% similarity with any organism,,,,,,,,,,,,,,,,,
Jul-2024,Chiroxiphia galeata,447,1,B,P_11,16177,P_11_B_14,25,2,NA,NA,NA,NA,<98% similarity with any organism,,,,,,,,,,,,,,,,,
Jul-2024,Chiroxiphia galeata,447,1,B,P_11,16177,P_11_B_15,54,2,NA,NA,NA,NA,<98% similarity with any organism,,,,,,,,,,,,,,,,,
Jul-2024,Chiroxiphia galeata,447,1,B,P_11,16177,P_11_B_16,7,0,NA,NA,NA,NA,,,,,,,,,,,,,,,,,,
Jul-2024,Chiroxiphia galeata,447,1,B,P_11,16177,P_11_B_17,16,0,NA,NA,NA,NA,,,,,,,,,,,,,,,,,,
Jul-2024,Chiroxiphia galeata,447,1,B,P_11,16177,P_11_B_18,4,0,NA,NA,NA,NA,,,,,,,,,,,,,,,,,,
Jul-2024,Chiroxiphia galeata,447,1,B,P_11,16177,P_11_B_19,4,0,NA,NA,NA,NA,,,,,,,,,,,,,,,,,,
Jul-2024,Chiroxiphia galeata,447,1,B,P_11,16177,P_11_B_20,2,0,NA,NA,NA,NA,,,,,,,,,,,,,,,,,,
Jul-2024,Chiroxiphia galeata,447,1,B,P_11,16177,P_11_B_21,4,0,NA,NA,NA,NA,,,,,,,,,,,,,,,,,,
Jul-2024,Chiroxiphia galeata,447,1,B,P_11,16177,P_11_B_22,4,0,NA,NA,NA,NA,,,,,,,,,,,,,,,,,,
Jul-2024,Chiroxiphia galeata,447,1,B,P_11,16177,P_11_B_23,4,0,NA,NA,NA,NA,,,,,,,,,,,,,,,,,,
Jul-2024,Chiroxiphia galeata,447,1,B,P_11,16177,P_11_B_24,4,0,NA,NA,NA,NA,,,,,,,,,,,,,,,,,,
Jul-2024,Chiroxiphia galeata,447,1,B,P_11,16177,P_11_B_25,2,0,NA,NA,NA,NA,,,,,,,,,,,,,,,,,,
Jul-2024,Chiroxiphia galeata,447,1,B,P_11,16177,P_11_B_26,2,0,NA,NA,NA,NA,,,,,,,,,,,,,,,,,,
Jul-2024,Ramphocelus carbo,103,1,D,P_11,16177,P_11_D_03,2,0,NA,NA,NA,NA,,,,,,,,,,,,,,,,,,
Jul-2024,Arremon flavirostris,099,1,E,P_11,16177,P_11_E_03,9,0,NA,NA,NA,NA,,,,,,,,,,,,,,,,,,
Jul-2024,Arremon flavirostris,099,1,E,P_11,16177,P_11_E_04,4,0,NA,NA,NA,NA,,,,,,,,,,,,,,,,,,
Jul-2024,Arremon flavirostris,099,1,E,P_11,16177,P_11_E_05,2,0,NA,NA,NA,NA,,,,,,,,,,,,,,,,,,
Jul-2024,Arremon flavirostris,271,1,H,P_11,16177,P_11_H_02,5,0,NA,NA,NA,NA,,,,,,,,,,,,,,,,,,
Jul-2024,Arremon flavirostris,271,1,H,P_11,16177,P_11_H_03,2,0,NA,NA,NA,NA,,,,,,,,,,,,,,,,,,
Jul-2024,Ramphocelus carbo,322,1,A,P_12,26460,P_12_A_03,3,0,NA,NA,NA,NA,,,,,,,,,,,,,,,,,,
Jul-2024,Ramphocelus carbo,322,1,A,P_12,26460,P_12_A_04,5,0,NA,NA,NA,NA,,,,,,,,,,,,,,,,,,
Jul-2024,Cnemotriccus fuscatus,043,1,B,P_12,26460,P_12_B_04,58,2,NA,NA,NA,NA,<98% similarity with any organism,,,,,,,,,,,,,,,,,
Jul-2024,Cnemotriccus fuscatus,043,1,B,P_12,26460,P_12_B_05,24,2,NA,NA,NA,NA,,,,,,,,,,,,,,,,,,
Jul-2024,Cnemotriccus fuscatus,043,1,B,P_12,26460,P_12_B_06,36,2,NA,NA,NA,NA,,,,,,,,,,,,,,,,,,
Jul-2024,Cnemotriccus fuscatus,043,1,B,P_12,26460,P_12_B_08,2,0,NA,NA,NA,NA,,,,,,,,,,,,,,,,,,
Jul-2024,Cnemotriccus fuscatus,043,1,B,P_12,26460,P_12_B_09,6,0,NA,NA,NA,NA,,,,,,,,,,,,,,,,,,
Jul-2024,Cnemotriccus fuscatus,043,1,B,P_12,26460,P_12_B_10,2,0,NA,NA,NA,NA,,,,,,,,,,,,,,,,,,
Jul-2024,Cnemotriccus fuscatus,043,1,B,P_12,26460,P_12_B_11,2,0,NA,NA,NA,NA,,,,,,,,,,,,,,,,,,
Jul-2024,Thraupis sayaca,212,1,C,P_12,26460,P_12_C_01,39,1,Melastomataceae,Miconia,Miconia pusilliflora,Clidemia urceolata,,,,,,,,,,,,,,,,,,
Jul-2024,Thraupis sayaca,212,1,C,P_12,26460,P_12_C_02,28,1,Moraceae,Maclura,Maclura tinctoria,Maclura tinctoria,,,,,,,,,,,,,,,,,,
Jul-2024,Pitangus sulphuratus,244,1,D,P_12,26460,P_12_D_02,9,0,NA,NA,NA,NA,,,,,,,,,,,,,,,,,,
Jul-2024,Turdus leucomelas,257,1,E,P_12,26460,P_12_E_03,7,0,NA,NA,NA,NA,,,,,,,,,,,,,,,,,,
Jul-2024,Turdus leucomelas,257,1,E,P_12,26460,P_12_E_04,2,0,NA,NA,NA,NA,,,,,,,,,,,,,,,,,,
Jul-2024,Myiarchus ferox,241,1,B,P_08,291,P_08_B_01,88,1,Melastomataceae,Miconia,Miconia pusilliflora,Clidemia urceolata,"same as seeds found! but detected as contamination? and < 97 reads, excluded sample",,,,,,,,,,,,,,,,,
Jul-2024,Pitangus sulphuratus,243,1,C,P_10,14221,P_10_C_01,59,1,Melastomataceae,Miconia,Miconia pusilliflora,Clidemia urceolata,,,,,,,,,,,,,,,,,,
Jul-2024,Pitangus sulphuratus,244,1,D,P_12,26460,P_12_D_01,104,1,Myrtaceae,Psidium,Psidium cattleyanum,Vochysia guatemalensis,,,,,,,,,,,,,,,,,,
Jul-2024,Myiarchus ferox,246,1,A,P_10,14221,P_10_A_01,1271,1,Melastomataceae,Miconia,Miconia pusilliflora,Clidemia urceolata,,,,,,,,,,,,,,,,,,
Jul-2024,Myiarchus ferox,246,1,A,P_10,14221,P_10_A_02,25,1,Malpighiaceae,Banisteriopsis,Banisteriopsis caapi,Banisteriopsis muricata,"not contamination bc with tag A, not B, and > 7 reads",,,,,,,,,,,,,,,,,
Jul-2024,Turdus leucomelas,257,1,E,P_12,26460,P_12_E_01,68,1,Myrtaceae,Syzygium,Syzygium cumini,Syzygium cumini,,,,,,,,,,,,,,,,,,
Jul-2024,Turdus leucomelas,257,1,E,P_12,26460,P_12_E_02,22,1,Fabaceae,Senna,Conzattia multiflora,Albizia julibrissin,,,,,,,,,,,,,,,,,,
Jul-2024,Arremon flavirostris,271,1,H,P_11,16177,P_11_H_01,24,1,Melastomataceae,Miconia,Miconia pusilliflora,Clidemia urceolata,,,,,,,,,,,,,,,,,,
Jul-2024,Tachyphonus coronatus,272,1,B,P_07,1107,P_07_B_01,449,1,Piperaceae,Piper,Piper amalago,Piper amalago,same as seeds found!,,,,,,,,,,,,,,,,,
Jul-2024,Tachyphonus coronatus,272,1,B,P_07,1107,P_07_B_02,45,1,Salicaceae,Casearia,Casearia sylvestris,Casearia sylvestris,,,,,,,,,,,,,,,,,,
Jul-2024,Manacus manacus,287,1,D,P_09,25923,P_09_D_01,50,1,Cannabaceae,Trema,Trema lamarckianum,Muntingia calabura,Muntingiaceae on BOLD,,,,,,,,,,,,,,,,,
Jul-2024,Chiroxiphia galeata,290,1,E,P_09,25923,P_09_E_01,146,1,Myrtaceae,Psidium,Psidium cattleyanum,Vochysia guatemalensis,,,,,,,,,,,,,,,,,,
Jul-2024,Ramphocelus carbo,321,1,H,P_12,26460,P_12_H_01,24,1,Solanaceae,Solanum,Solanum tuberosum,Datura stramonium,,,,,,,,,,,,,,,,,,
Jul-2024,Ramphocelus carbo,322,1,A,P_12,26460,P_12_A_01,1075,1,Piperaceae,Piper,Piper chamissonis,Piper aequale,,,,,,,,,,,,,,,,,,
Jul-2024,Ramphocelus carbo,322,1,A,P_12,26460,P_12_A_02,23,1,Sapindaceae,Serjania/Paullinia,Serjania brachycarpa,Paullinia cururu,,,,,,,,,,,,,,,,,,
Jul-2024,Chiroxiphia galeata,384,1,B,P_09,25923,P_09_B_01,19882,1,Melastomataceae,Miconia,Miconia pusilliflora,Clidemia urceolata,>97 reads,,,,,,,,,,,,,,,,,
Jul-2024,Chiroxiphia galeata,384,1,B,P_09,25923,P_09_B_02,31,1,Euphorbiaceae,Alchornea,Alchornea glandulosa,Alchornea costaricensis,,,,,,,,,,,,,,,,,,
Jul-2024,Tachyphonus coronatus,432,1,H,P_10,14221,P_10_H_01,24,1,Salicaceae,Casearia,Casearia sylvestris,Casearia praecox,,,,,,,,,,,,,,,,,,
Jul-2024,Manacus manacus,437,1,A,P_07,1107,P_07_A_02,25,1,Fabaceae ,Centrolobium,Centrolobium tomentosum,Pterocarpus soyauxii,Pterocarpus also,,,,,,,,,,,,,,,,,
Jul-2024,Chiroxiphia galeata,447,1,B,P_11,16177,P_11_B_01,4892,1,Bignoniaceae,Amphilophium,Amphilophium steyermarkii,Arrabidaea florida,"native, climbing ",,,,,,,,,,,,,,,,,
Jul-2024,Chiroxiphia galeata,447,1,B,P_11,16177,P_11_B_02,1876,1,Urticaceae,Cecropia,Cecropia palmata,Cecropia membranacea,,,,,,,,,,,,,,,,,,
Jul-2024,Chiroxiphia galeata,447,1,B,P_11,16177,P_11_B_03,735,1,Sapindaceae,Serjania/Paullinia,Serjania brachycarpa,Pappea capensis,,,,,,,,,,,,,,,,,,
Jul-2024,Chiroxiphia galeata,447,1,B,P_11,16177,P_11_B_04,500,1,Solanaceae,Solanum,Capsicum annuum,Datura stramonium,"pimenta, maybe cultivated, herbaceous",,,,,,,,,,,,,,,,,
Jul-2024,Chiroxiphia galeata,447,1,B,P_11,16177,P_11_B_07,111,1,Melastomataceae,Miconia,Miconia pusilliflora,Clidemia urceolata,> 97 reads,,,,,,,,,,,,,,,,,
Jul-2024,Chiroxiphia galeata,447,1,B,P_11,16177,P_11_B_08,94,1,Sapindaceae,Allophylus,Rhysotoechia florulenta,Rhysotoechia florulenta,,,,,,,,,,,,,,,,,,
Jul-2024,Chiroxiphia galeata,447,1,B,P_11,16177,P_11_B_13,38,1,Verbenaceae ,Citharexylum,Chaenorhinum minus,Chaenorhinum minus,,,,,,,,,,,,,,,,,,
Jul-2024,Turdus amaurochalinus,477,1,D,P_10,14221,P_10_D_01,37,1,Moraceae,Morus,Milicia regia,Streblus pendulinus,,,,,,,,,,,,,,,,,,
Jul-2024,Turdus leucomelas,481,1,E,P_10,14221,P_10_E_01,34,1,Arecaceae,Syagrus ,Sabal yapa,Acrocomia aculeata,Syagrus?,,,,,,,,,,,,,,,,,
Dec-24,Arremon flavirostris,003,0,D,P_14,19646,P_14_D_00,NA,3,NA,NA,NA,NA,,,,,,,,,,,,,,,,,,
Dec-24,Leptopogon amaurocephalus,170,0,E,P_14,19646,P_14_E_00,NA,3,NA,NA,NA,NA,,,,,,,,,,,,,,,,,,
Dec-24,Turdus leucomelas,359,0,D,P_16,8651,P_16_D_00,NA,3,NA,NA,NA,NA,,,,,,,,,,,,,,,,,,
Dec-24,Arremon flavirostris,368,0,E,P_16,8651,P_15_E_00,NA,3,NA,NA,NA,NA,,,,,,,,,,,,,,,,,,
Dec-24,Arremon flavirostris,001,0,A,P_14,19646,P_14_A_01,5132,1,Acanthaceae,Justicia,Justicia candicans,Justicia ramosa,accepted name for this genus is now Dianthera ,,,,,,,,,,,,,,,,,
Dec-24,Arremon flavirostris,001,0,A,P_14,19646,P_14_A_02,2123,1,Fabaceae,Desmodium,Desmodium incanum,Desmodium procumbens,,,,,,,,,,,,,,,,,,
Dec-24,Arremon flavirostris,001,0,A,P_14,19646,P_14_A_03,991,1,Fabaceae,Chamaecrista,Chamaecrista mimosoides,Chamaecrista mimosoides,,,,,,,,,,,,,,,,,,
Dec-24,Arremon flavirostris,001,0,A,P_14,19646,P_14_A_04,449,1,Rutaceae,Metrodorea,Metrodorea nigra,Esenbeckia amazonica,,,,,,,,,,,,,,,,,,
Dec-24,Arremon flavirostris,001,0,A,P_14,19646,P_14_A_05,379,1,Acanthaceae,Ruellia,Ruellia succulenta,Ruellia patula,,,,,,,,,,,,,,,,,,
Dec-24,Arremon flavirostris,001,0,A,P_14,19646,P_14_A_06,491,1,Bignoniaceae,Fridericia,Fridericia trichoclada,Arrabidaea pubescens,,,,,,,,,,,,,,,,,,
Dec-24,Arremon flavirostris,001,0,A,P_14,19646,P_14_A_07,328,1,Salicaceae,Casearia,Casearia sylvestris,Casearia sylvestris,,,,,,,,,,,,,,,,,,
Dec-24,Arremon flavirostris,001,0,A,P_14,19646,P_14_A_08,94,1,Myrtaceae,Eugenia ,Eugenia selloi ,Eugenia erythrophylla,,,,,,,,,,,,,,,,,,
Dec-24,Arremon flavirostris,001,0,A,P_14,19646,P_14_A_09,80,1,Fabaceae,Machaerium,Machaerium stipitatum,Aeschynomene compacta,,,,,,,,,,,,,,,,,,
Dec-24,Arremon flavirostris,001,0,A,P_14,19646,P_14_A_13,37,1,Malpighiaceae,Bunchosia,Bunchosia argentea,Bunchosia caroli,,,,,,,,,,,,,,,,,,
Dec-24,Arremon flavirostris,001,0,A,P_14,19646,P_14_A_14,22,1,Moraceae,Morus,Morus alba,Streblus pendulinus,,,,,,,,,,,,,,,,,,
Dec-24,Arremon flavirostris,004,0,A,P_15,27726,P_15_A_01,7819,1,Acanthaceae,Justicia,Justicia candicans,Dianthera pectoralis,,,,,,,,,,,,,,,,,,
Dec-24,Arremon flavirostris,004,0,A,P_15,27726,P_15_A_02,591,1,Acanthaceae,Ruellia,Ruellia succulenta,Dyschoriste linearis,,,,,,,,,,,,,,,,,,
Dec-24,Arremon flavirostris,004,0,A,P_15,27726,P_15_A_03,552,1,Rubiaceae,Coffea,Coffea arabica,Coffea arabica,,,,,,,,,,,,,,,,,,
Dec-24,Arremon flavirostris,004,0,A,P_15,27726,P_15_A_04,394,1,Fabaceae,Desmodium,Desmodium incanum,Desmodium tortuosum,,,,,,,,,,,,,,,,,,
Dec-24,Arremon flavirostris,004,0,A,P_15,27726,P_15_A_05,183,1,Rutaceae,Zanthoxylum,Zanthoxylum tragodes,Calodendrum capense,,,,,,,,,,,,,,,,,,
Dec-24,Arremon flavirostris,004,0,A,P_15,27726,P_15_A_06,86,1,Fabaceae,Chamaecrista,Chamaecrista mimosoides,Aeschynomene indica,changed to Chamaecrista on 8April2025,,,,,,,,,,,,,,,,,
Dec-24,Arremon flavirostris,004,0,A,P_15,27726,P_15_A_07,38,1,Rubiaceae,Geophila,Geophila repens,Psychotria alaotra,,,,,,,,,,,,,,,,,,
Dec-24,Arremon flavirostris,004,0,A,P_15,27726,P_15_A_09,34,1,Myrtaceae,Eugenia ,Eugenia selloi ,Eugenia domingensis,,,,,,,,,,,,,,,,,,
Dec-24,Thlypopsis sordida,029,0,A,P_17,31426,P_17_A_01,8581,1,Sapotaceae,Manilkara,Manilkara obovata,Pouteria sp.,,,,,,,,,,,,,,,,,,
Dec-24,Thlypopsis sordida,029,0,A,P_17,31426,P_17_A_02,1450,1,Sapindaceae,Serjania/Paullinia,Serjania brachycarpa,Paullinia alata,,,,,,,,,,,,,,,,,,
Dec-24,Thlypopsis sordida,029,0,A,P_17,31426,P_17_A_03,1465,1,Myrtaceae,Syzygium,Syzygium curranii,Archirhodomyrtus beckleri,,,,,,,,,,,,,,,,,,
Dec-24,Thlypopsis sordida,029,0,A,P_17,31426,P_17_A_04,207,1,Malpighiaceae,Bunchosia,Bunchosia argentea,Barnebya dispar,,,,,,,,,,,,,,,,,,
Dec-24,Thlypopsis sordida,029,0,A,P_17,31426,P_17_A_05,185,1,Sarraceniaceae,Sarracenia,Sarracenia minor,Sarracenia rubra,"kind of sus, carnivorous plant??",,,,,,,,,,,,,,,,,
Dec-24,Thlypopsis sordida,029,0,A,P_17,31426,P_17_A_08,52,1,Fabaceae,Lonchocarpus,Lonchocarpus cultratus,Milletia peguensis,,,,,,,,,,,,,,,,,,
Dec-24,Thlypopsis sordida,029,0,A,P_17,31426,P_17_A_09,35,1,Malpighiaceae,Byrsonima,Byrsonima japurensis ,Byrsonima basiloba,,,,,,,,,,,,,,,,,,
Dec-24,Thlypopsis sordida,029,0,A,P_17,31426,P_17_A_10,30,1,Sapotaceae,Chrysophyllum,Chrysophyllum sp.,Chrysophyllum sp.,,,,,,,,,,,,,,,,,,
Dec-24,Arremon flavirostris,034,0,B,P_17,31426,P_17_B_01,10680,1,Fabaceae,Desmodium,Desmodium incanum,Desmodium tortuosum,,,,,,,,,,,,,,,,,,
Dec-24,Arremon flavirostris,034,0,B,P_17,31426,P_17_B_02,147,1,Petiveriaceae,Gallesia,Thouinia paucidentata,Bridgesia incisifolia,Gellesia integrifolia is the updated name for Thouinia integrifolia,,,,,,,,,,,,,,,,,
Dec-24,Arremon flavirostris,034,0,B,P_17,31426,P_17_B_03,70,1,Apocynaceae,Aspidosperma,Aspidosperma ramiflorum,Aspidosperma sp. ,,,,,,,,,,,,,,,,,,
Dec-24,Thraupis sayaca,093,0,B,P_15,27726,P_15_B_01,9277,1,Sapotaceae,Manilkara,Manilkara obovata,Pouteria sp.,Manilkara is the correct name for Pouteria ,,,,,,,,,,,,,,,,,
Dec-24,Thraupis sayaca,093,0,B,P_15,27726,P_15_B_02,1355,1,Rosaceae,Pyrus,Pyrus regelii,Crataegus laevigata,pear!,,,,,,,,,,,,,,,,,
Dec-24,Thraupis sayaca,093,0,B,P_15,27726,P_15_B_03,58,1,Bignoniaceae,Handroanthus,Handroanthus umbellatus,Catalpa aff. speciosa,,,,,,,,,,,,,,,,,,
Dec-24,Thraupis sayaca,093,0,B,P_15,27726,P_15_B_04,100,1,Cornaceae,Cornus,Cornus chinensis,Cornus controversa,"Cornus is the first hit, but the genus doesn't occur here, Hydrangea chinensis?",,,,,,,,,,,,,,,,,
Dec-24,Eucometis penicillata ,122,0,A,P_19,15614,P_19_A_01,1781,1,Fabaceae,Mimosa,Mimosa cf. sericantha,Acacia leucophloea,,,,,,,,,,,,,,,,,,
Dec-24,Eucometis penicillata ,122,0,A,P_19,15614,P_19_A_02,583,1,Rhamnaceae,Rhamnidium,Rhamnidium elaeocarpum,Rhamnella franguloides,,,,,,,,,,,,,,,,,,
Dec-24,Eucometis penicillata ,122,0,A,P_19,15614,P_19_A_03,444,1,Euphorbiaceae,Alchornea,Alchornea triplinervia,Alchornea cordifolia,,,,,,,,,,,,,,,,,,
Dec-24,Eucometis penicillata ,122,0,A,P_19,15614,P_19_A_04,338,1,Moraceae,Ficus,Ficus organensis,Ficus luschnathiana,,,,,,,,,,,,,,,,,,
Dec-24,Eucometis penicillata ,122,0,A,P_19,15614,P_19_A_05,87,1,Moraceae,Morus,Morus alba,Morus australis,,,,,,,,,,,,,,,,,,
Dec-24,Chiroxiphia galeata,140,0,H,P_17,19729,P_17_H_01,23,1,Myrtaceae,Calyptranthes,Calyptranthes concinna,Eugenia eggersii,,,,,,,,,,,,,,,,,,
Dec-24,Cnemotriccus fuscatus ,141,0,D,P_17,31426,P_17_D_01,21,1,Malvaceae,Luehea,Luehea grandiflora,Luehea divaricata,,,,,,,,,,,,,,,,,,
Dec-24,Cnemotriccus fuscatus ,141,0,D,P_17,31426,P_17_D_02,27,1,Rhamnaceae,Rhamnidium,Rhamnidium elaeocarpum,Rhamnella franguloides,,,,,,,,,,,,,,,,,,
Dec-24,Myiarchus ferox,178,0,B,P_16,8651,P_16_B_01,2979,1,Fabaceae,Machaerium,Machaerium hirtum,Machaerium lunatum,,,,,,,,,,,,,,,,,,
Dec-24,Myiarchus ferox,178,0,B,P_16,8651,P_16_B_02,28,1,Peraceae,Pera,Pera glabrata,Chrozophora plicata,,,,,,,,,,,,,,,,,,
Dec-24,Eucometis penicillata,192,0,D,P_19,15614,P_19_D_01,29,1,Fabaceae,Machaerium,Machaerium stipitatum,Aeschynomene martii,,,,,,,,,,,,,,,,,,
Dec-24,Turdus leucomelas,200,0,H,P_18,19729,P_18_H_01,30,1,Myrtaceae,Myrcianthes,Myrcianthes pungens,Acca sellowiana,,,,,,,,,,,,,,,,,,
Dec-24,Thraupis sayaca,220,0,A,P_16,8651,P_16_A_01,2351,1,Caricaceae,Jacaratia,Jacaratia digitata,Jacaratia digitata,"probably not this species, but the genus makes sense",,,,,,,,,,,,,,,,,
Dec-24,Thraupis sayaca,220,0,A,P_16,8651,P_16_A_02,393,1,Myrtaceae,Syzygium,Syzygium cumini,Syzygium buxifolium,,,,,,,,,,,,,,,,,,
Dec-24,Thraupis sayaca,220,0,A,P_16,8651,P_16_A_03,117,1,Lacistemataceae,Lacistema,Lacistema hasslerianum,Lacistema aggregatum,,,,,,,,,,,,,,,,,,
Dec-24,blank,blank,NA,C,P_20,49,P_20_C_00,NA,5,NA,NA,NA,NA,,,,,,,,,,,,,,,,,,
Dec-24,blank,blank,NA,D,P_20,49,P_20_D_00,NA,5,NA,NA,NA,NA,,,,,,,,,,,,,,,,,,
Dec-24,blank,blank,NA,E,P_20,49,P_20_E_00,NA,5,NA,NA,NA,NA,,,,,,,,,,,,,,,,,,
Dec-24,blank,blank,NA,H,P_20,49,P_20_H_00,NA,5,NA,NA,NA,NA,,,,,,,,,,,,,,,,,,
Dec-24,Myiarchus ferox,247,0,A,P_18,19729,P_18_A_01,7609,1,Melastomataceae,Miconia,Miconia prasina,Eriosema fulva,,,,,,,,,,,,,,,,,,
Dec-24,Myiarchus ferox,247,0,A,P_18,19729,P_18_A_02,175,1,Sapindaceae,Matayba,Matayba elaeagnoides,Talisia sp.,,,,,,,,,,,,,,,,,,
Dec-24,Arremon flavirostris,001,0,A,P_14,19646,P_14_A_10,45,2,NA,NA,NA,NA,,,,,,,,,,,,,,,,,,
Dec-24,Arremon flavirostris,001,0,A,P_14,19646,P_14_A_11,42,2,NA,NA,NA,NA,,,,,,,,,,,,,,,,,,
Dec-24,Arremon flavirostris,001,0,A,P_14,19646,P_14_A_12,15,0,NA,NA,NA,NA,,,,,,,,,,,,,,,,,,
Dec-24,Arremon flavirostris,001,0,A,P_14,19646,P_14_A_15,58,2,NA,NA,NA,NA,,,,,,,,,,,,,,,,,,
Dec-24,Arremon flavirostris,001,0,A,P_14,19646,P_14_A_16,26,4,Melastomataceae,Miconia,Miconia prasina,Eriosema fulva,spp detected in control,,,,,,,,,,,,,,,,,
Dec-24,Arremon flavirostris,001,0,A,P_14,19646,P_14_A_17,17,0,NA,NA,NA,NA,,,,,,,,,,,,,,,,,,
Dec-24,Arremon flavirostris,001,0,A,P_14,19646,P_14_A_18,10,0,NA,NA,NA,NA,,,,,,,,,,,,,,,,,,
Dec-24,Arremon flavirostris,001,0,A,P_14,19646,P_14_A_19,6,0,NA,NA,NA,NA,,,,,,,,,,,,,,,,,,
Dec-24,Arremon flavirostris,001,0,A,P_14,19646,P_14_A_20,3,0,NA,NA,NA,NA,,,,,,,,,,,,,,,,,,
Dec-24,Arremon flavirostris,001,0,A,P_14,19646,P_14_A_21,10,0,NA,NA,NA,NA,,,,,,,,,,,,,,,,,,
Dec-24,Arremon flavirostris,001,0,A,P_14,19646,P_14_A_22,3,0,NA,NA,NA,NA,,,,,,,,,,,,,,,,,,
Dec-24,Arremon flavirostris,001,0,A,P_14,19646,P_14_A_23,5,0,NA,NA,NA,NA,,,,,,,,,,,,,,,,,,
Dec-24,Arremon flavirostris,001,0,A,P_14,19646,P_14_A_24,4,0,NA,NA,NA,NA,,,,,,,,,,,,,,,,,,
Dec-24,Arremon flavirostris,001,0,A,P_14,19646,P_14_A_25,2,0,NA,NA,NA,NA,,,,,,,,,,,,,,,,,,
Dec-24,Arremon flavirostris,001,0,A,P_14,19646,P_14_A_26,8,0,NA,NA,NA,NA,,,,,,,,,,,,,,,,,,
Dec-24,Arremon flavirostris,001,0,A,P_14,19646,P_14_A_27,2,0,NA,NA,NA,NA,,,,,,,,,,,,,,,,,,
Dec-24,Arremon flavirostris,001,0,A,P_14,19646,P_14_A_28,4,0,NA,NA,NA,NA,,,,,,,,,,,,,,,,,,
Dec-24,Arremon flavirostris,001,0,A,P_14,19646,P_14_A_29,2,0,NA,NA,NA,NA,,,,,,,,,,,,,,,,,,
Dec-24,Arremon flavirostris,001,0,A,P_14,19646,P_14_A_30,2,0,NA,NA,NA,NA,,,,,,,,,,,,,,,,,,
Dec-24,Arremon flavirostris,001,0,A,P_14,19646,P_14_A_31,8,0,NA,NA,NA,NA,,,,,,,,,,,,,,,,,,
Dec-24,Arremon flavirostris,001,0,A,P_14,19646,P_14_A_32,2,0,NA,NA,NA,NA,,,,,,,,,,,,,,,,,,
Dec-24,Arremon flavirostris,001,0,A,P_14,19646,P_14_A_33,6,0,NA,NA,NA,NA,,,,,,,,,,,,,,,,,,
Dec-24,Arremon flavirostris,001,0,A,P_14,19646,P_14_A_34,2,0,NA,NA,NA,NA,,,,,,,,,,,,,,,,,,
Dec-24,Arremon flavirostris,001,0,A,P_14,19646,P_14_A_35,4,0,NA,NA,NA,NA,,,,,,,,,,,,,,,,,,
Dec-24,Arremon flavirostris,001,0,A,P_14,19646,P_14_A_36,8,0,NA,NA,NA,NA,,,,,,,,,,,,,,,,,,
Dec-24,Arremon flavirostris,001,0,A,P_14,19646,P_14_A_37,6,0,NA,NA,NA,NA,,,,,,,,,,,,,,,,,,
Dec-24,Arremon flavirostris,001,0,A,P_14,19646,P_14_A_38,2,0,NA,NA,NA,NA,,,,,,,,,,,,,,,,,,
Dec-24,Arremon flavirostris,001,0,A,P_14,19646,P_14_A_39,2,0,NA,NA,NA,NA,,,,,,,,,,,,,,,,,,
Dec-24,Arremon flavirostris,001,0,A,P_14,19646,P_14_A_40,2,0,NA,NA,NA,NA,,,,,,,,,,,,,,,,,,
Dec-24,Arremon flavirostris,001,0,A,P_14,19646,P_14_A_41,2,0,NA,NA,NA,NA,,,,,,,,,,,,,,,,,,
Dec-24,Arremon flavirostris,001,0,A,P_14,19646,P_14_A_42,2,0,NA,NA,NA,NA,,,,,,,,,,,,,,,,,,
Dec-24,Manacus manacus,288,0,B,P_14,19646,P_14_B_03,106,2,NA,NA,NA,NA,,,,,,,,,,,,,,,,,,
Dec-24,Manacus manacus,288,0,B,P_14,19646,P_14_B_06,7,0,NA,NA,NA,NA,,,,,,,,,,,,,,,,,,
Dec-24,Manacus manacus,288,0,B,P_14,19646,P_14_B_07,6,0,NA,NA,NA,NA,,,,,,,,,,,,,,,,,,
Dec-24,Manacus manacus,288,0,B,P_14,19646,P_14_B_08,4,0,NA,NA,NA,NA,,,,,,,,,,,,,,,,,,
Dec-24,Manacus manacus,288,0,B,P_14,19646,P_14_B_09,6,0,NA,NA,NA,NA,,,,,,,,,,,,,,,,,,
Dec-24,Manacus manacus,288,0,B,P_14,19646,P_14_B_10,2,0,NA,NA,NA,NA,,,,,,,,,,,,,,,,,,
Dec-24,Manacus manacus,288,0,B,P_14,19646,P_14_B_11,2,0,NA,NA,NA,NA,,,,,,,,,,,,,,,,,,
Dec-24,Myiarchus ferox,245,0,C,P_14,19646,P_14_C_01,2,0,NA,NA,NA,NA,,,,,,,,,,,,,,,,,,
Dec-24,Turdus leucomelas,453,0,H,P_14,19646,P_14_H_01,9,2,NA,NA,NA,NA,,,,,,,,,,,,,,,,,,
Dec-24,Manacus manacus,288,0,B,P_14,19646,P_14_B_01,1983,1,Boraginaceae,Myriopus ,Myriopus salzmannii,Bourreria virgata,,,,,,,,,,,,,,,,,,
Dec-24,Manacus manacus,288,0,B,P_14,19646,P_14_B_02,861,1,Salicaceae,Prockia,Prockia crucis,Banara guianensis,,,,,,,,,,,,,,,,,,
Dec-24,Arremon flavirostris,004,0,A,P_15,27726,P_15_A_08,19,0,NA,NA,NA,NA,,,,,,,,,,,,,,,,,,
Dec-24,Manacus manacus,288,0,B,P_14,19646,P_14_B_04,55,1,Boraginaceae,Myriopus,Myriopus salzmannii,Sairocarpus virga,,,,,,,,,,,,,,,,,,
Dec-24,Arremon flavirostris,004,0,A,P_15,27726,P_15_A_10,17,0,NA,NA,NA,NA,,,,,,,,,,,,,,,,,,
Dec-24,Arremon flavirostris,004,0,A,P_15,27726,P_15_A_11,15,0,NA,NA,NA,NA,,,,,,,,,,,,,,,,,,
Dec-24,Arremon flavirostris,004,0,A,P_15,27726,P_15_A_12,34,2,NA,NA,NA,NA,,,,,,,,,,,,,,,,,,
Dec-24,Arremon flavirostris,004,0,A,P_15,27726,P_15_A_13,10,0,NA,NA,NA,NA,,,,,,,,,,,,,,,,,,
Dec-24,Arremon flavirostris,004,0,A,P_15,27726,P_15_A_14,13,0,NA,NA,NA,NA,,,,,,,,,,,,,,,,,,
Dec-24,Arremon flavirostris,004,0,A,P_15,27726,P_15_A_15,7,0,NA,NA,NA,NA,,,,,,,,,,,,,,,,,,
Dec-24,Arremon flavirostris,004,0,A,P_15,27726,P_15_A_16,11,0,NA,NA,NA,NA,,,,,,,,,,,,,,,,,,
Dec-24,Arremon flavirostris,004,0,A,P_15,27726,P_15_A_17,18,0,NA,NA,NA,NA,,,,,,,,,,,,,,,,,,
Dec-24,Arremon flavirostris,004,0,A,P_15,27726,P_15_A_18,6,0,NA,NA,NA,NA,,,,,,,,,,,,,,,,,,
Dec-24,Arremon flavirostris,004,0,A,P_15,27726,P_15_A_19,13,0,NA,NA,NA,NA,,,,,,,,,,,,,,,,,,
Dec-24,Arremon flavirostris,004,0,A,P_15,27726,P_15_A_20,5,0,NA,NA,NA,NA,,,,,,,,,,,,,,,,,,
Dec-24,Arremon flavirostris,004,0,A,P_15,27726,P_15_A_21,3,0,NA,NA,NA,NA,,,,,,,,,,,,,,,,,,
Dec-24,Arremon flavirostris,004,0,A,P_15,27726,P_15_A_22,3,0,NA,NA,NA,NA,,,,,,,,,,,,,,,,,,
Dec-24,Arremon flavirostris,004,0,A,P_15,27726,P_15_A_23,2,0,NA,NA,NA,NA,,,,,,,,,,,,,,,,,,
Dec-24,Arremon flavirostris,004,0,A,P_15,27726,P_15_A_24,2,0,NA,NA,NA,NA,,,,,,,,,,,,,,,,,,
Dec-24,Arremon flavirostris,004,0,A,P_15,27726,P_15_A_25,2,0,NA,NA,NA,NA,,,,,,,,,,,,,,,,,,
Dec-24,Arremon flavirostris,004,0,A,P_15,27726,P_15_A_26,2,0,NA,NA,NA,NA,,,,,,,,,,,,,,,,,,
Dec-24,Arremon flavirostris,004,0,A,P_15,27726,P_15_A_27,2,0,NA,NA,NA,NA,,,,,,,,,,,,,,,,,,
Dec-24,Arremon flavirostris,004,0,A,P_15,27726,P_15_A_28,2,0,NA,NA,NA,NA,,,,,,,,,,,,,,,,,,
Dec-24,Arremon flavirostris,004,0,A,P_15,27726,P_15_A_29,2,0,NA,NA,NA,NA,,,,,,,,,,,,,,,,,,
Dec-24,Arremon flavirostris,004,0,A,P_15,27726,P_15_A_30,2,0,NA,NA,NA,NA,,,,,,,,,,,,,,,,,,
Dec-24,Arremon flavirostris,004,0,A,P_15,27726,P_15_A_31,2,0,NA,NA,NA,NA,,,,,,,,,,,,,,,,,,
Dec-24,Arremon flavirostris,004,0,A,P_15,27726,P_15_A_32,2,0,NA,NA,NA,NA,,,,,,,,,,,,,,,,,,
Dec-24,Manacus manacus,288,0,B,P_14,19646,P_14_B_05,39,1,Sapindaceae,Serjania/Paullinia,Serjania brachycarpa,Paullinia alata,,,,,,,,,,,,,,,,,,
Dec-24,Thraupis sayaca,093,0,B,P_15,27726,P_15_B_05,157,2,NA,NA,NA,NA,,,,,,,,,,,,,,,,,,
Dec-24,Thraupis sayaca,093,0,B,P_15,27726,P_15_B_06,3,0,NA,NA,NA,NA,,,,,,,,,,,,,,,,,,
Dec-24,Thraupis sayaca,320,0,C,P_15,27726,P_15_C_01,8,0,NA,NA,NA,NA,,,,,,,,,,,,,,,,,,
Dec-24,Cnemotriccus fuscatus,358,0,D,P_15,27726,P_15_D_01,17,0,NA,NA,NA,NA,,,,,,,,,,,,,,,,,,
Dec-24,Cnemotriccus fuscatus,358,0,D,P_15,27726,P_15_D_02,2,0,NA,NA,NA,NA,,,,,,,,,,,,,,,,,,
Dec-24,Thlypopsis sordida,190,0,E,P_15,27726,P_15_E_01,7,0,NA,NA,NA,NA,,,,,,,,,,,,,,,,,,
Dec-24,Lathrotriccus euleri,313,0,H,P_15,27726,P_15_H_01,2,0,NA,NA,NA,NA,,,,,,,,,,,,,,,,,,
Dec-24,Lathrotriccus euleri,313,0,H,P_15,27726,P_15_H_02,2,0,NA,NA,NA,NA,,,,,,,,,,,,,,,,,,
Dec-24,Leptopogon amaurocephalus,309,0,B,P_19,15614,P_19_B_01,6776,1,Sapindaceae,Allophylus,Allophylus edulis,Allophylus africanus,,,,,,,,,,,,,,,,,,
Dec-24,Leptopogon amaurocephalus,309,0,B,P_19,15614,P_19_B_02,356,1,Bignoniaceae,Fridericia,Fridericia caudigera,Adenocalymma bracteatum,,,,,,,,,,,,,,,,,,
Dec-24,Leptopogon amaurocephalus,309,0,B,P_19,15614,P_19_B_03,245,1,Anacardiaceae,Lithraea,Lithraea molleoides,Lithraea brasiliensis,,,,,,,,,,,,,,,,,,
Dec-24,Thraupis sayaca,220,0,A,P_16,8651,P_16_A_04,21,2,NA,NA,NA,NA,,,,,,,,,,,,,,,,,,
Dec-24,Thraupis sayaca,220,0,A,P_16,8651,P_16_A_05,15,0,NA,NA,NA,NA,,,,,,,,,,,,,,,,,,
Dec-24,Thraupis sayaca,220,0,A,P_16,8651,P_16_A_06,13,0,NA,NA,NA,NA,,,,,,,,,,,,,,,,,,
Dec-24,Thraupis sayaca,220,0,A,P_16,8651,P_16_A_07,3,0,NA,NA,NA,NA,,,,,,,,,,,,,,,,,,
Dec-24,Thraupis sayaca,220,0,A,P_16,8651,P_16_A_08,5,0,NA,NA,NA,NA,,,,,,,,,,,,,,,,,,
Dec-24,Thraupis sayaca,220,0,A,P_16,8651,P_16_A_09,2,0,NA,NA,NA,NA,,,,,,,,,,,,,,,,,,
Dec-24,Thraupis sayaca,220,0,A,P_16,8651,P_16_A_10,2,0,NA,NA,NA,NA,,,,,,,,,,,,,,,,,,
Dec-24,Leptopogon amaurocephalus,309,0,B,P_19,15614,P_19_B_04,51,1,Rhamnaceae,Rhamnidium,Rhamnidium elaeocarpum,Rhamnella franguloides,,,,,,,,,,,,,,,,,,
Dec-24,Leptopogon amaurocephalus,309,0,B,P_19,15614,P_19_B_05,29,1,Fabaceae,Lonchocarpus,Millettia dura,Hesperothamnus pentaphyllus,"Millettia does not occur in Brasil, another result in both BLAST and BOLD was Lonchocarpus, which we have in our study area",,,,,,,,,,,,,,,,,
Dec-24,Myiarchus ferox,178,0,B,P_16,8651,P_16_B_03,5,0,NA,NA,NA,NA,,,,,,,,,,,,,,,,,,
Dec-24,Turdus leucomelas,455,0,C,P_16,8651,P_16_C_01,4,0,NA,NA,NA,NA,,,,,,,,,,,,,,,,,,
Dec-24,Leptopogon amaurocephalus,326,0,E,P_17,31426,P_17_E_01,25,1,Sapindaceae,Allophylus,Allophylus viridis,Allophylus africanus,,,,,,,,,,,,,,,,,,
Dec-24,Turdus leucomelas,330,0,D,P_18,19729,P_18_D_01,42,1,Anacardiaceae,Schinus,Schinus terebinthifolia,Amphipterygium adstringens,,,,,,,,,,,,,,,,,,
Dec-24,Thlypopsis sordida,029,0,A,P_17,31426,P_17_A_06,74,2,NA,NA,NA,NA,,,,,,,,,,,,,,,,,,
Dec-24,Thlypopsis sordida,029,0,A,P_17,31426,P_17_A_07,164,2,NA,NA,NA,NA,,,,,,,,,,,,,,,,,,
Dec-24,Thlypopsis sordida,029,0,A,P_17,31426,P_17_A_11,11,0,NA,NA,NA,NA,,,,,,,,,,,,,,,,,,
Dec-24,Thlypopsis sordida,029,0,A,P_17,31426,P_17_A_12,3,0,NA,NA,NA,NA,,,,,,,,,,,,,,,,,,
Dec-24,Thlypopsis sordida,029,0,A,P_17,31426,P_17_A_13,9,0,NA,NA,NA,NA,,,,,,,,,,,,,,,,,,
Dec-24,Thlypopsis sordida,029,0,A,P_17,31426,P_17_A_14,3,0,NA,NA,NA,NA,,,,,,,,,,,,,,,,,,
Dec-24,Thlypopsis sordida,029,0,A,P_17,31426,P_17_A_15,2,0,NA,NA,NA,NA,,,,,,,,,,,,,,,,,,
Dec-24,Thlypopsis sordida,029,0,A,P_17,31426,P_17_A_16,4,0,NA,NA,NA,NA,,,,,,,,,,,,,,,,,,
Dec-24,Thlypopsis sordida,029,0,A,P_17,31426,P_17_A_17,2,0,NA,NA,NA,NA,,,,,,,,,,,,,,,,,,
Dec-24,Thlypopsis sordida,029,0,A,P_17,31426,P_17_A_18,2,0,NA,NA,NA,NA,,,,,,,,,,,,,,,,,,
Dec-24,Thlypopsis sordida,029,0,A,P_17,31426,P_17_A_19,2,0,NA,NA,NA,NA,,,,,,,,,,,,,,,,,,
Dec-24,Thlypopsis sordida,029,0,A,P_17,31426,P_17_A_20,2,0,NA,NA,NA,NA,,,,,,,,,,,,,,,,,,
Dec-24,Thlypopsis sordida,029,0,A,P_17,31426,P_17_A_21,2,0,NA,NA,NA,NA,,,,,,,,,,,,,,,,,,
Dec-24,Thlypopsis sordida,029,0,A,P_17,31426,P_17_A_22,2,0,NA,NA,NA,NA,,,,,,,,,,,,,,,,,,
Dec-24,Thlypopsis sordida,029,0,A,P_17,31426,P_17_A_23,2,0,NA,NA,NA,NA,,,,,,,,,,,,,,,,,,
Dec-24,Leptopogon amaurocephalus,402,0,H,P_16,8651,P_16_H_01,24,1,Rhamnaceae,Gouania,Gouania cf. lupuloides,Gouania lupuloides,,,,,,,,,,,,,,,,,,
Dec-24,Turdus leucomelas,406,0,B,P_18,19729,P_18_B_01,8094,1,Myrtaceae,Eugenia ,Eugenia melanogyna,Acca sellowiana,,,,,,,,,,,,,,,,,,
Dec-24,Arremon flavirostris,034,0,B,P_17,31426,P_17_B_04,28,2,NA,NA,NA,NA,,,,,,,,,,,,,,,,,,
Dec-24,Arremon flavirostris,034,0,B,P_17,31426,P_17_B_05,14,0,NA,NA,NA,NA,,,,,,,,,,,,,,,,,,
Dec-24,Arremon flavirostris,034,0,B,P_17,31426,P_17_B_06,20,0,NA,NA,NA,NA,"likely Syagrus, only Arecaceae in our study areas ",,,,,,,,,,,,,,,,,
Dec-24,Arremon flavirostris,034,0,B,P_17,31426,P_17_B_07,14,0,NA,NA,NA,NA,,,,,,,,,,,,,,,,,,
Dec-24,Arremon flavirostris,034,0,B,P_17,31426,P_17_B_08,6,0,NA,NA,NA,NA,,,,,,,,,,,,,,,,,,
Dec-24,Arremon flavirostris,034,0,B,P_17,31426,P_17_B_09,2,0,NA,NA,NA,NA,,,,,,,,,,,,,,,,,,
Dec-24,Arremon flavirostris,034,0,B,P_17,31426,P_17_B_10,2,0,NA,NA,NA,NA,,,,,,,,,,,,,,,,,,
Dec-24,Arremon flavirostris,034,0,B,P_17,31426,P_17_B_11,4,0,NA,NA,NA,NA,,,,,,,,,,,,,,,,,,
Dec-24,Arremon flavirostris,034,0,B,P_17,31426,P_17_B_12,2,0,NA,NA,NA,NA,,,,,,,,,,,,,,,,,,
Dec-24,Arremon flavirostris,034,0,B,P_17,31426,P_17_B_13,2,0,NA,NA,NA,NA,,,,,,,,,,,,,,,,,,
Dec-24,Cnemotriccus fuscatus ,101,0,C,P_17,31426,P_17_C_01,9,0,NA,NA,NA,NA,,,,,,,,,,,,,,,,,,
Dec-24,Cnemotriccus fuscatus ,101,0,C,P_17,31426,P_17_C_02,15,0,NA,NA,NA,NA,,,,,,,,,,,,,,,,,,
Dec-24,Cnemotriccus fuscatus ,101,0,C,P_17,31426,P_17_C_03,10,0,NA,NA,NA,NA,,,,,,,,,,,,,,,,,,
Dec-24,Cnemotriccus fuscatus ,101,0,C,P_17,31426,P_17_C_04,9,0,NA,NA,NA,NA,,,,,,,,,,,,,,,,,,
Dec-24,Cnemotriccus fuscatus ,101,0,C,P_17,31426,P_17_C_05,3,0,NA,NA,NA,NA,,,,,,,,,,,,,,,,,,
Dec-24,Cnemotriccus fuscatus ,141,0,D,P_17,31426,P_17_D_03,4,0,NA,NA,NA,NA,,,,,,,,,,,,,,,,,,
Dec-24,Cnemotriccus fuscatus ,141,0,D,P_17,31426,P_17_D_04,2,0,NA,NA,NA,NA,,,,,,,,,,,,,,,,,,
Dec-24,Cnemotriccus fuscatus ,141,0,D,P_17,31426,P_17_D_05,2,0,NA,NA,NA,NA,,,,,,,,,,,,,,,,,,
Dec-24,Chiroxiphia galeata,140,0,H,P_17,19729,P_17_H_02,18,0,NA,NA,NA,NA,,,,,,,,,,,,,,,,,,
Dec-24,Chiroxiphia galeata,140,0,H,P_17,19729,P_17_H_03,4,0,NA,NA,NA,NA,,,,,,,,,,,,,,,,,,
Dec-24,Chiroxiphia galeata,140,0,H,P_17,19729,P_17_H_04,2,0,NA,NA,NA,NA,,,,,,,,,,,,,,,,,,
Dec-24,Myiarchus ferox,247,0,A,P_18,19729,P_18_A_03,12,0,NA,NA,NA,NA,,,,,,,,,,,,,,,,,,
Dec-24,Myiarchus ferox,247,0,A,P_18,19729,P_18_A_04,7,0,NA,NA,NA,NA,,,,,,,,,,,,,,,,,,
Dec-24,Myiarchus ferox,247,0,A,P_18,19729,P_18_A_05,10,0,NA,NA,NA,NA,,,,,,,,,,,,,,,,,,
Dec-24,Turdus leucomelas,406,0,B,P_18,19729,P_18_B_02,6,0,NA,NA,NA,NA,,,,,,,,,,,,,,,,,,
Dec-24,Turdus leucomelas,406,0,B,P_18,19729,P_18_B_03,2,0,NA,NA,NA,NA,,,,,,,,,,,,,,,,,,
Dec-24,Myiarchus ferox,063,0,C,P_18,19729,P_18_C_01,16,0,NA,NA,NA,NA,,,,,,,,,,,,,,,,,,
Dec-24,Myiarchus ferox,063,0,C,P_18,19729,P_18_C_02,2,0,NA,NA,NA,NA,,,,,,,,,,,,,,,,,,
Dec-24,Turdus leucomelas,330,0,D,P_18,19729,P_18_D_02,2,0,NA,NA,NA,NA,,,,,,,,,,,,,,,,,,
Dec-24,Pitangus sulphuratus,248,0,E,P_18,19729,P_18_E_01,18,0,NA,NA,NA,NA,,,,,,,,,,,,,,,,,,
Dec-24,Eucometis penicillata ,122,0,A,P_19,15614,P_19_A_06,13,0,NA,NA,NA,NA,,,,,,,,,,,,,,,,,,
Dec-24,Eucometis penicillata ,122,0,A,P_19,15614,P_19_A_07,7,0,NA,NA,NA,NA,,,,,,,,,,,,,,,,,,
Dec-24,Eucometis penicillata ,122,0,A,P_19,15614,P_19_A_08,6,0,NA,NA,NA,NA,,,,,,,,,,,,,,,,,,
Dec-24,Eucometis penicillata ,122,0,A,P_19,15614,P_19_A_09,2,0,NA,NA,NA,NA,,,,,,,,,,,,,,,,,,
Dec-24,Eucometis penicillata ,122,0,A,P_19,15614,P_19_A_10,4,0,NA,NA,NA,NA,,,,,,,,,,,,,,,,,,
Dec-24,Eucometis penicillata ,122,0,A,P_19,15614,P_19_A_11,2,0,NA,NA,NA,NA,,,,,,,,,,,,,,,,,,
Dec-24,Eucometis penicillata ,122,0,A,P_19,15614,P_19_A_12,4,0,NA,NA,NA,NA,,,,,,,,,,,,,,,,,,
Dec-24,Eucometis penicillata ,122,0,A,P_19,15614,P_19_A_13,2,0,NA,NA,NA,NA,,,,,,,,,,,,,,,,,,
Dec-24,Leptopogon amaurocephalus,309,0,B,P_19,15614,P_19_B_06,29,2,NA,NA,NA,NA,,,,,,,,,,,,,,,,,,
Dec-24,Leptopogon amaurocephalus,309,0,B,P_19,15614,P_19_B_07,40,2,NA,NA,NA,NA,,,,,,,,,,,,,,,,,,
Dec-24,Leptopogon amaurocephalus,309,0,B,P_19,15614,P_19_B_08,3,0,NA,NA,NA,NA,,,,,,,,,,,,,,,,,,
Dec-24,Leptopogon amaurocephalus,309,0,B,P_19,15614,P_19_B_09,17,0,NA,NA,NA,NA,,,,,,,,,,,,,,,,,,
Dec-24,Leptopogon amaurocephalus,309,0,B,P_19,15614,P_19_B_10,3,0,NA,NA,NA,NA,,,,,,,,,,,,,,,,,,
Dec-24,Leptopogon amaurocephalus,309,0,B,P_19,15614,P_19_B_11,2,0,NA,NA,NA,NA,,,,,,,,,,,,,,,,,,
Dec-24,Leptopogon amaurocephalus,309,0,B,P_19,15614,P_19_B_12,4,0,NA,NA,NA,NA,,,,,,,,,,,,,,,,,,
Dec-24,Leptopogon amaurocephalus,309,0,B,P_19,15614,P_19_B_13,2,0,NA,NA,NA,NA,,,,,,,,,,,,,,,,,,
Dec-24,Leptopogon amaurocephalus,309,0,B,P_19,15614,P_19_B_14,2,0,NA,NA,NA,NA,,,,,,,,,,,,,,,,,,
Dec-24,Leptopogon amaurocephalus,309,0,B,P_19,15614,P_19_B_15,2,0,NA,NA,NA,NA,,,,,,,,,,,,,,,,,,
Dec-24,Leptopogon amaurocephalus,309,0,B,P_19,15614,P_19_B_16,6,0,NA,NA,NA,NA,,,,,,,,,,,,,,,,,,
Dec-24,Leptopogon amaurocephalus,309,0,B,P_19,15614,P_19_B_17,2,0,NA,NA,NA,NA,,,,,,,,,,,,,,,,,,
Dec-24,Leptopogon amaurocephalus,301,0,C,P_19,15614,P_19_C_01,11,0,NA,NA,NA,NA,,,,,,,,,,,,,,,,,,
Dec-24,Eucometis penicillata,192,0,D,P_19,15614,P_19_D_02,2,0,NA,NA,NA,NA,,,,,,,,,,,,,,,,,,
Dec-24,Eucometis penicillata,192,0,D,P_19,15614,P_19_D_03,4,0,NA,NA,NA,NA,,,,,,,,,,,,,,,,,,
Dec-24,Arremon flavirostris,431,0,E,P_19,15614,P_19_E_01,16,0,NA,NA,NA,NA,,,,,,,,,,,,,,,,,,
Dec-24,Arremon flavirostris,431,0,E,P_19,15614,P_19_E_02,5,0,NA,NA,NA,NA,,,,,,,,,,,,,,,,,,
Dec-24,Arremon flavirostris,431,0,E,P_19,15614,P_19_E_03,2,0,NA,NA,NA,NA,,,,,,,,,,,,,,,,,,
Dec-24,Arremon flavirostris,431,0,E,P_19,15614,P_19_E_04,2,0,NA,NA,NA,NA,,,,,,,,,,,,,,,,,,
Dec-24,Cnemotriccus fuscatus ,387,0,H,P_19,15614,P_19_H_01,5,0,NA,NA,NA,NA,,,,,,,,,,,,,,,,,,
Dec-24,Cnemotriccus fuscatus ,387,0,H,P_19,15614,P_19_H_02,4,0,NA,NA,NA,NA,,,,,,,,,,,,,,,,,,
Dec-24,Cnemotriccus fuscatus ,387,0,H,P_19,15614,P_19_H_03,2,0,NA,NA,NA,NA,,,,,,,,,,,,,,,,,,
Dec-24,blank,blank,NA,A,P_20,49,P_20_A_01,17,5,Melastomataceae,Miconia,Miconia prasina,Eriosema fulva,,,,,,,,,,,,,,,,,,
Dec-24,blank,blank,NA,B,P_20,49,P_20_B_01,2,5,Moraceae,Morus,Morus alba,Morus australis,,,,,,,,,,,,,,,,,,
,,,,,,,,,,,,,,,,,,,,,,,,,,,,,,,
,,,,,,,,,,,,,,,,,,,,,,,,,,,,,,,
,,,,,,,,,,,,,,,,,,,,,,,,,,,,,,,
,,,,,,,,,,,,,,,,,,,,,,,,,,,,,,,
,,,,,,,,,,,,,,,,,,,,,,,,,,,,,,,
,,,,,,,,,,,,,,,,,,,,,,,,,,,,,,,
,,,,,,,,,,,,,,,,,,,,,,,,,,,,,,,
,,,,,,,,,,,,,,,,,,,,,,,,,,,,,,,
,,,,,,,,,,,,,,,,,,,,,,,,,,,,,,,
,,,,,,,,,,,,,,,,,,,,,,,,,,,,,,,
,,,,,,,,,,,,,,,,,,,,,,,,,,,,,,,
,,,,,,,,,,,,,,,,,,,,,,,,,,,,,,,
,,,,,,,,,,,,,,,,,,,,,,,,,,,,,,,
,,,,,,,,,,,,,,,,,,,,,,,,,,,,,,,
,,,,,,,,,,,,,,,,,,,,,,,,,,,,,,,
,,,,,,,,,,,,,,,,,,,,,,,,,,,,,,,
,,,,,,,,,,,,,,,,,,,,,,,,,,,,,,,
,,,,,,,,,,,,,,,,,,,,,,,,,,,,,,,
,,,,,,,,,,,,,,,,,,,,,,,,,,,,,,,
,,,,,,,,,,,,,,,,,,,,,,,,,,,,,,,
,,,,,,,,,,,,,,,,,,,,,,,,,,,,,,,
,,,,,,,,,,,,,,,,,,,,,,,,,,,,,,,
,,,,,,,,,,,,,,,,,,,,,,,,,,,,,,,
,,,,,,,,,,,,,,,,,,,,,,,,,,,,,,,
,,,,,,,,,,,,,,,,,,,,,,,,,,,,,,,
,,,,,,,,,,,,,,,,,,,,,,,,,,,,,,,
,,,,,,,,,,,,,,,,,,,,,,,,,,,,,,,
,,,,,,,,,,,,,,,,,,,,,,,,,,,,,,,
,,,,,,,,,,,,,,,,,,,,,,,,,,,,,,,
,,,,,,,,,,,,,,,,,,,,,,,,,,,,,,,
,,,,,,,,,,,,,,,,,,,,,,,,,,,,,,,
,,,,,,,,,,,,,,,,,,,,,,,,,,,,,,,
,,,,,,,,,,,,,,,,,,,,,,,,,,,,,,,
,,,,,,,,,,,,,,,,,,,,,,,,,,,,,,,
,,,,,,,,,,,,,,,,,,,,,,,,,,,,,,,
,,,,,,,,,,,,,,,,,,,,,,,,,,,,,,,
,,,,,,,,,,,,,,,,,,,,,,,,,,,,,,,
,,,,,,,,,,,,,,,,,,,,,,,,,,,,,,,
,,,,,,,,,,,,,,,,,,,,,,,,,,,,,,,
,,,,,,,,,,,,,,,,,,,,,,,,,,,,,,,
,,,,,,,,,,,,,,,,,,,,,,,,,,,,,,,
,,,,,,,,,,,,,,,,,,,,,,,,,,,,,,,
,,,,,,,,,,,,,,,,,,,,,,,,,,,,,,,
,,,,,,,,,,,,,,,,,,,,,,,,,,,,,,,
,,,,,,,,,,,,,,,,,,,,,,,,,,,,,,,
,,,,,,,,,,,,,,,,,,,,,,,,,,,,,,,
,,,,,,,,,,,,,,,,,,,,,,,,,,,,,,,
,,,,,,,,,,,,,,,,,,,,,,,,,,,,,,,
,,,,,,,,,,,,,,,,,,,,,,,,,,,,,,,
,,,,,,,,,,,,,,,,,,,,,,,,,,,,,,,
,,,,,,,,,,,,,,,,,,,,,,,,,,,,,,,
,,,,,,,,,,,,,,,,,,,,,,,,,,,,,,,
,,,,,,,,,,,,,,,,,,,,,,,,,,,,,,,
,,,,,,,,,,,,,,,,,,,,,,,,,,,,,,,
,,,,,,,,,,,,,,,,,,,,,,,,,,,,,,,
,,,,,,,,,,,,,,,,,,,,,,,,,,,,,,,
,,,,,,,,,,,,,,,,,,,,,,,,,,,,,,,
,,,,,,,,,,,,,,,,,,,,,,,,,,,,,,,
,,,,,,,,,,,,,,,,,,,,,,,,,,,,,,,
,,,,,,,,,,,,,,,,,,,,,,,,,,,,,,,
,,,,,,,,,,,,,,,,,,,,,,,,,,,,,,,
,,,,,,,,,,,,,,,,,,,,,,,,,,,,,,,
,,,,,,,,,,,,,,,,,,,,,,,,,,,,,,,
,,,,,,,,,,,,,,,,,,,,,,,,,,,,,,,
,,,,,,,,,,,,,,,,,,,,,,,,,,,,,,,
,,,,,,,,,,,,,,,,,,,,,,,,,,,,,,,
,,,,,,,,,,,,,,,,,,,,,,,,,,,,,,,
,,,,,,,,,,,,,,,,,,,,,,,,,,,,,,,
,,,,,,,,,,,,,,,,,,,,,,,,,,,,,,,
,,,,,,,,,,,,,,,,,,,,,,,,,,,,,,,
,,,,,,,,,,,,,,,,,,,,,,,,,,,,,,,
,,,,,,,,,,,,,,,,,,,,,,,,,,,,,,,
,,,,,,,,,,,,,,,,,,,,,,,,,,,,,,,
,,,,,,,,,,,,,,,,,,,,,,,,,,,,,,,
,,,,,,,,,,,,,,,,,,,,,,,,,,,,,,,
,,,,,,,,,,,,,,,,,,,,,,,,,,,,,,,
,,,,,,,,,,,,,,,,,,,,,,,,,,,,,,,
,,,,,,,,,,,,,,,,,,,,,,,,,,,,,,,
,,,,,,,,,,,,,,,,,,,,,,,,,,,,,,,
,,,,,,,,,,,,,,,,,,,,,,,,,,,,,,,
,,,,,,,,,,,,,,,,,,,,,,,,,,,,,,,
,,,,,,,,,,,,,,,,,,,,,,,,,,,,,,,
,,,,,,,,,,,,,,,,,,,,,,,,,,,,,,,
,,,,,,,,,,,,,,,,,,,,,,,,,,,,,,,
,,,,,,,,,,,,,,,,,,,,,,,,,,,,,,,
,,,,,,,,,,,,,,,,,,,,,,,,,,,,,,,
,,,,,,,,,,,,,,,,,,,,,,,,,,,,,,,
,,,,,,,,,,,,,,,,,,,,,,,,,,,,,,,
,,,,,,,,,,,,,,,,,,,,,,,,,,,,,,,
,,,,,,,,,,,,,,,,,,,,,,,,,,,,,,,
,,,,,,,,,,,,,,,,,,,,,,,,,,,,,,,
,,,,,,,,,,,,,,,,,,,,,,,,,,,,,,,
,,,,,,,,,,,,,,,,,,,,,,,,,,,,,,,
,,,,,,,,,,,,,,,,,,,,,,,,,,,,,,,
,,,,,,,,,,,,,,,,,,,,,,,,,,,,,,,
,,,,,,,,,,,,,,,,,,,,,,,,,,,,,,,
,,,,,,,,,,,,,,,,,,,,,,,,,,,,,,,
,,,,,,,,,,,,,,,,,,,,,,,,,,,,,,,
,,,,,,,,,,,,,,,,,,,,,,,,,,,,,,,
,,,,,,,,,,,,,,,,,,,,,,,,,,,,,,,
,,,,,,,,,,,,,,,,,,,,,,,,,,,,,,,
,,,,,,,,,,,,,,,,,,,,,,,,,,,,,,,
,,,,,,,,,,,,,,,,,,,,,,,,,,,,,,,
,,,,,,,,,,,,,,,,,,,,,,,,,,,,,,,
,,,,,,,,,,,,,,,,,,,,,,,,,,,,,,,
,,,,,,,,,,,,,,,,,,,,,,,,,,,,,,,
,,,,,,,,,,,,,,,,,,,,,,,,,,,,,,,
,,,,,,,,,,,,,,,,,,,,,,,,,,,,,,,
,,,,,,,,,,,,,,,,,,,,,,,,,,,,,,,
,,,,,,,,,,,,,,,,,,,,,,,,,,,,,,,
,,,,,,,,,,,,,,,,,,,,,,,,,,,,,,,
,,,,,,,,,,,,,,,,,,,,,,,,,,,,,,,
,,,,,,,,,,,,,,,,,,,,,,,,,,,,,,,
,,,,,,,,,,,,,,,,,,,,,,,,,,,,,,,
,,,,,,,,,,,,,,,,,,,,,,,,,,,,,,,
,,,,,,,,,,,,,,,,,,,,,,,,,,,,,,,
,,,,,,,,,,,,,,,,,,,,,,,,,,,,,,,
,,,,,,,,,,,,,,,,,,,,,,,,,,,,,,,
,,,,,,,,,,,,,,,,,,,,,,,,,,,,,,,
,,,,,,,,,,,,,,,,,,,,,,,,,,,,,,,
,,,,,,,,,,,,,,,,,,,,,,,,,,,,,,,
,,,,,,,,,,,,,,,,,,,,,,,,,,,,,,,
,,,,,,,,,,,,,,,,,,,,,,,,,,,,,,,
,,,,,,,,,,,,,,,,,,,,,,,,,,,,,,,
,,,,,,,,,,,,,,,,,,,,,,,,,,,,,,,
,,,,,,,,,,,,,,,,,,,,,,,,,,,,,,,
,,,,,,,,,,,,,,,,,,,,,,,,,,,,,,,
,,,,,,,,,,,,,,,,,,,,,,,,,,,,,,,
,,,,,,,,,,,,,,,,,,,,,,,,,,,,,,,
,,,,,,,,,,,,,,,,,,,,,,,,,,,,,,,
,,,,,,,,,,,,,,,,,,,,,,,,,,,,,,,
,,,,,,,,,,,,,,,,,,,,,,,,,,,,,,,
,,,,,,,,,,,,,,,,,,,,,,,,,,,,,,,
,,,,,,,,,,,,,,,,,,,,,,,,,,,,,,,
,,,,,,,,,,,,,,,,,,,,,,,,,,,,,,,
,,,,,,,,,,,,,,,,,,,,,,,,,,,,,,,
,,,,,,,,,,,,,,,,,,,,,,,,,,,,,,,
,,,,,,,,,,,,,,,,,,,,,,,,,,,,,,,
,,,,,,,,,,,,,,,,,,,,,,,,,,,,,,,
,,,,,,,,,,,,,,,,,,,,,,,,,,,,,,,
,,,,,,,,,,,,,,,,,,,,,,,,,,,,,,,
,,,,,,,,,,,,,,,,,,,,,,,,,,,,,,,
,,,,,,,,,,,,,,,,,,,,,,,,,,,,,,,
,,,,,,,,,,,,,,,,,,,,,,,,,,,,,,,
,,,,,,,,,,,,,,,,,,,,,,,,,,,,,,,
,,,,,,,,,,,,,,,,,,,,,,,,,,,,,,,
,,,,,,,,,,,,,,,,,,,,,,,,,,,,,,,
,,,,,,,,,,,,,,,,,,,,,,,,,,,,,,,
,,,,,,,,,,,,,,,,,,,,,,,,,,,,,,,
,,,,,,,,,,,,,,,,,,,,,,,,,,,,,,,
,,,,,,,,,,,,,,,,,,,,,,,,,,,,,,,
,,,,,,,,,,,,,,,,,,,,,,,,,,,,,,,
,,,,,,,,,,,,,,,,,,,,,,,,,,,,,,,
,,,,,,,,,,,,,,,,,,,,,,,,,,,,,,,
,,,,,,,,,,,,,,,,,,,,,,,,,,,,,,,
,,,,,,,,,,,,,,,,,,,,,,,,,,,,,,,
,,,,,,,,,,,,,,,,,,,,,,,,,,,,,,,
,,,,,,,,,,,,,,,,,,,,,,,,,,,,,,,
,,,,,,,,,,,,,,,,,,,,,,,,,,,,,,,
,,,,,,,,,,,,,,,,,,,,,,,,,,,,,,,
,,,,,,,,,,,,,,,,,,,,,,,,,,,,,,,
,,,,,,,,,,,,,,,,,,,,,,,,,,,,,,,
,,,,,,,,,,,,,,,,,,,,,,,,,,,,,,,
,,,,,,,,,,,,,,,,,,,,,,,,,,,,,,,
,,,,,,,,,,,,,,,,,,,,,,,,,,,,,,,
,,,,,,,,,,,,,,,,,,,,,,,,,,,,,,,
,,,,,,,,,,,,,,,,,,,,,,,,,,,,,,,
,,,,,,,,,,,,,,,,,,,,,,,,,,,,,,,
,,,,,,,,,,,,,,,,,,,,,,,,,,,,,,,
,,,,,,,,,,,,,,,,,,,,,,,,,,,,,,,
,,,,,,,,,,,,,,,,,,,,,,,,,,,,,,,
,,,,,,,,,,,,,,,,,,,,,,,,,,,,,,,
,,,,,,,,,,,,,,,,,,,,,,,,,,,,,,,
,,,,,,,,,,,,,,,,,,,,,,,,,,,,,,,
,,,,,,,,,,,,,,,,,,,,,,,,,,,,,,,
,,,,,,,,,,,,,,,,,,,,,,,,,,,,,,,
,,,,,,,,,,,,,,,,,,,,,,,,,,,,,,,
,,,,,,,,,,,,,,,,,,,,,,,,,,,,,,,
,,,,,,,,,,,,,,,,,,,,,,,,,,,,,,,
,,,,,,,,,,,,,,,,,,,,,,,,,,,,,,,
,,,,,,,,,,,,,,,,,,,,,,,,,,,,,,,
,,,,,,,,,,,,,,,,,,,,,,,,,,,,,,,
,,,,,,,,,,,,,,,,,,,,,,,,,,,,,,,
,,,,,,,,,,,,,,,,,,,,,,,,,,,,,,,
,,,,,,,,,,,,,,,,,,,,,,,,,,,,,,,
,,,,,,,,,,,,,,,,,,,,,,,,,,,,,,,
,,,,,,,,,,,,,,,,,,,,,,,,,,,,,,,
,,,,,,,,,,,,,,,,,,,,,,,,,,,,,,,
,,,,,,,,,,,,,,,,,,,,,,,,,,,,,,,
,,,,,,,,,,,,,,,,,,,,,,,,,,,,,,,
,,,,,,,,,,,,,,,,,,,,,,,,,,,,,,,
,,,,,,,,,,,,,,,,,,,,,,,,,,,,,,,
,,,,,,,,,,,,,,,,,,,,,,,,,,,,,,,
,,,,,,,,,,,,,,,,,,,,,,,,,,,,,,,
,,,,,,,,,,,,,,,,,,,,,,,,,,,,,,,
,,,,,,,,,,,,,,,,,,,,,,,,,,,,,,,
,,,,,,,,,,,,,,,,,,,,,,,,,,,,,,,
,,,,,,,,,,,,,,,,,,,,,,,,,,,,,,,
,,,,,,,,,,,,,,,,,,,,,,,,,,,,,,,
,,,,,,,,,,,,,,,,,,,,,,,,,,,,,,,
,,,,,,,,,,,,,,,,,,,,,,,,,,,,,,,
,,,,,,,,,,,,,,,,,,,,,,,,,,,,,,,
,,,,,,,,,,,,,,,,,,,,,,,,,,,,,,,
,,,,,,,,,,,,,,,,,,,,,,,,,,,,,,,
,,,,,,,,,,,,,,,,,,,,,,,,,,,,,,,
,,,,,,,,,,,,,,,,,,,,,,,,,,,,,,,
,,,,,,,,,,,,,,,,,,,,,,,,,,,,,,,
,,,,,,,,,,,,,,,,,,,,,,,,,,,,,,,
,,,,,,,,,,,,,,,,,,,,,,,,,,,,,,,
,,,,,,,,,,,,,,,,,,,,,,,,,,,,,,,
,,,,,,,,,,,,,,,,,,,,,,,,,,,,,,,
,,,,,,,,,,,,,,,,,,,,,,,,,,,,,,,
,,,,,,,,,,,,,,,,,,,,,,,,,,,,,,,
,,,,,,,,,,,,,,,,,,,,,,,,,,,,,,,
,,,,,,,,,,,,,,,,,,,,,,,,,,,,,,,
,,,,,,,,,,,,,,,,,,,,,,,,,,,,,,,
,,,,,,,,,,,,,,,,,,,,,,,,,,,,,,,
,,,,,,,,,,,,,,,,,,,,,,,,,,,,,,,
,,,,,,,,,,,,,,,,,,,,,,,,,,,,,,,
,,,,,,,,,,,,,,,,,,,,,,,,,,,,,,,
,,,,,,,,,,,,,,,,,,,,,,,,,,,,,,,
,,,,,,,,,,,,,,,,,,,,,,,,,,,,,,,
,,,,,,,,,,,,,,,,,,,,,,,,,,,,,,,
,,,,,,,,,,,,,,,,,,,,,,,,,,,,,,,
,,,,,,,,,,,,,,,,,,,,,,,,,,,,,,,
,,,,,,,,,,,,,,,,,,,,,,,,,,,,,,,
,,,,,,,,,,,,,,,,,,,,,,,,,,,,,,,
,,,,,,,,,,,,,,,,,,,,,,,,,,,,,,,
,,,,,,,,,,,,,,,,,,,,,,,,,,,,,,,
,,,,,,,,,,,,,,,,,,,,,,,,,,,,,,,
,,,,,,,,,,,,,,,,,,,,,,,,,,,,,,,
,,,,,,,,,,,,,,,,,,,,,,,,,,,,,,,
,,,,,,,,,,,,,,,,,,,,,,,,,,,,,,,
,,,,,,,,,,,,,,,,,,,,,,,,,,,,,,,
,,,,,,,,,,,,,,,,,,,,,,,,,,,,,,,
,,,,,,,,,,,,,,,,,,,,,,,,,,,,,,,
,,,,,,,,,,,,,,,,,,,,,,,,,,,,,,,
,,,,,,,,,,,,,,,,,,,,,,,,,,,,,,,
,,,,,,,,,,,,,,,,,,,,,,,,,,,,,,,
,,,,,,,,,,,,,,,,,,,,,,,,,,,,,,,
,,,,,,,,,,,,,,,,,,,,,,,,,,,,,,,
,,,,,,,,,,,,,,,,,,,,,,,,,,,,,,,
,,,,,,,,,,,,,,,,,,,,,,,,,,,,,,,
,,,,,,,,,,,,,,,,,,,,,,,,,,,,,,,
,,,,,,,,,,,,,,,,,,,,,,,,,,,,,,,
,,,,,,,,,,,,,,,,,,,,,,,,,,,,,,,
,,,,,,,,,,,,,,,,,,,,,,,,,,,,,,,
,,,,,,,,,,,,,,,,,,,,,,,,,,,,,,,
,,,,,,,,,,,,,,,,,,,,,,,,,,,,,,,
,,,,,,,,,,,,,,,,,,,,,,,,,,,,,,,
,,,,,,,,,,,,,,,,,,,,,,,,,,,,,,,
,,,,,,,,,,,,,,,,,,,,,,,,,,,,,,,
,,,,,,,,,,,,,,,,,,,,,,,,,,,,,,,
,,,,,,,,,,,,,,,,,,,,,,,,,,,,,,,
,,,,,,,,,,,,,,,,,,,,,,,,,,,,,,,
,,,,,,,,,,,,,,,,,,,,,,,,,,,,,,,
,,,,,,,,,,,,,,,,,,,,,,,,,,,,,,,
,,,,,,,,,,,,,,,,,,,,,,,,,,,,,,,
,,,,,,,,,,,,,,,,,,,,,,,,,,,,,,,
,,,,,,,,,,,,,,,,,,,,,,,,,,,,,,,
,,,,,,,,,,,,,,,,,,,,,,,,,,,,,,,
,,,,,,,,,,,,,,,,,,,,,,,,,,,,,,,
,,,,,,,,,,,,,,,,,,,,,,,,,,,,,,,
,,,,,,,,,,,,,,,,,,,,,,,,,,,,,,,
,,,,,,,,,,,,,,,,,,,,,,,,,,,,,,,
,,,,,,,,,,,,,,,,,,,,,,,,,,,,,,,
,,,,,,,,,,,,,,,,,,,,,,,,,,,,,,,
,,,,,,,,,,,,,,,,,,,,,,,,,,,,,,,
,,,,,,,,,,,,,,,,,,,,,,,,,,,,,,,
,,,,,,,,,,,,,,,,,,,,,,,,,,,,,,,
,,,,,,,,,,,,,,,,,,,,,,,,,,,,,,,
,,,,,,,,,,,,,,,,,,,,,,,,,,,,,,,
,,,,,,,,,,,,,,,,,,,,,,,,,,,,,,,
,,,,,,,,,,,,,,,,,,,,,,,,,,,,,,,
,,,,,,,,,,,,,,,,,,,,,,,,,,,,,,,
,,,,,,,,,,,,,,,,,,,,,,,,,,,,,,,
,,,,,,,,,,,,,,,,,,,,,,,,,,,,,,,
,,,,,,,,,,,,,,,,,,,,,,,,,,,,,,,
,,,,,,,,,,,,,,,,,,,,,,,,,,,,,,,
,,,,,,,,,,,,,,,,,,,,,,,,,,,,,,,
,,,,,,,,,,,,,,,,,,,,,,,,,,,,,,,
,,,,,,,,,,,,,,,,,,,,,,,,,,,,,,,
,,,,,,,,,,,,,,,,,,,,,,,,,,,,,,,
,,,,,,,,,,,,,,,,,,,,,,,,,,,,,,,
,,,,,,,,,,,,,,,,,,,,,,,,,,,,,,,
,,,,,,,,,,,,,,,,,,,,,,,,,,,,,,,
,,,,,,,,,,,,,,,,,,,,,,,,,,,,,,,
,,,,,,,,,,,,,,,,,,,,,,,,,,,,,,,
,,,,,,,,,,,,,,,,,,,,,,,,,,,,,,,
,,,,,,,,,,,,,,,,,,,,,,,,,,,,,,,
,,,,,,,,,,,,,,,,,,,,,,,,,,,,,,,
,,,,,,,,,,,,,,,,,,,,,,,,,,,,,,,
,,,,,,,,,,,,,,,,,,,,,,,,,,,,,,,
,,,,,,,,,,,,,,,,,,,,,,,,,,,,,,,
,,,,,,,,,,,,,,,,,,,,,,,,,,,,,,,
,,,,,,,,,,,,,,,,,,,,,,,,,,,,,,,
,,,,,,,,,,,,,,,,,,,,,,,,,,,,,,,
,,,,,,,,,,,,,,,,,,,,,,,,,,,,,,,
,,,,,,,,,,,,,,,,,,,,,,,,,,,,,,,
,,,,,,,,,,,,,,,,,,,,,,,,,,,,,,,
,,,,,,,,,,,,,,,,,,,,,,,,,,,,,,,
,,,,,,,,,,,,,,,,,,,,,,,,,,,,,,,
,,,,,,,,,,,,,,,,,,,,,,,,,,,,,,,
,,,,,,,,,,,,,,,,,,,,,,,,,,,,,,,
,,,,,,,,,,,,,,,,,,,,,,,,,,,,,,,
,,,,,,,,,,,,,,,,,,,,,,,,,,,,,,,
,,,,,,,,,,,,,,,,,,,,,,,,,,,,,,,
,,,,,,,,,,,,,,,,,,,,,,,,,,,,,,,
,,,,,,,,,,,,,,,,,,,,,,,,,,,,,,,
,,,,,,,,,,,,,,,,,,,,,,,,,,,,,,,
,,,,,,,,,,,,,,,,,,,,,,,,,,,,,,,
,,,,,,,,,,,,,,,,,,,,,,,,,,,,,,,
,,,,,,,,,,,,,,,,,,,,,,,,,,,,,,,
,,,,,,,,,,,,,,,,,,,,,,,,,,,,,,,
,,,,,,,,,,,,,,,,,,,,,,,,,,,,,,,
,,,,,,,,,,,,,,,,,,,,,,,,,,,,,,,
,,,,,,,,,,,,,,,,,,,,,,,,,,,,,,,
,,,,,,,,,,,,,,,,,,,,,,,,,,,,,,,
,,,,,,,,,,,,,,,,,,,,,,,,,,,,,,,
,,,,,,,,,,,,,,,,,,,,,,,,,,,,,,,
,,,,,,,,,,,,,,,,,,,,,,,,,,,,,,,
,,,,,,,,,,,,,,,,,,,,,,,,,,,,,,,
,,,,,,,,,,,,,,,,,,,,,,,,,,,,,,,
,,,,,,,,,,,,,,,,,,,,,,,,,,,,,,,
,,,,,,,,,,,,,,,,,,,,,,,,,,,,,,,
,,,,,,,,,,,,,,,,,,,,,,,,,,,,,,,
,,,,,,,,,,,,,,,,,,,,,,,,,,,,,,,
,,,,,,,,,,,,,,,,,,,,,,,,,,,,,,,
,,,,,,,,,,,,,,,,,,,,,,,,,,,,,,,
,,,,,,,,,,,,,,,,,,,,,,,,,,,,,,,
,,,,,,,,,,,,,,,,,,,,,,,,,,,,,,,
,,,,,,,,,,,,,,,,,,,,,,,,,,,,,,,
,,,,,,,,,,,,,,,,,,,,,,,,,,,,,,,
,,,,,,,,,,,,,,,,,,,,,,,,,,,,,,,
,,,,,,,,,,,,,,,,,,,,,,,,,,,,,,,
,,,,,,,,,,,,,,,,,,,,,,,,,,,,,,,
,,,,,,,,,,,,,,,,,,,,,,,,,,,,,,,
,,,,,,,,,,,,,,,,,,,,,,,,,,,,,,,
,,,,,,,,,,,,,,,,,,,,,,,,,,,,,,,
,,,,,,,,,,,,,,,,,,,,,,,,,,,,,,,
,,,,,,,,,,,,,,,,,,,,,,,,,,,,,,,
,,,,,,,,,,,,,,,,,,,,,,,,,,,,,,,
,,,,,,,,,,,,,,,,,,,,,,,,,,,,,,,
,,,,,,,,,,,,,,,,,,,,,,,,,,,,,,,
,,,,,,,,,,,,,,,,,,,,,,,,,,,,,,,
,,,,,,,,,,,,,,,,,,,,,,,,,,,,,,,
,,,,,,,,,,,,,,,,,,,,,,,,,,,,,,,
,,,,,,,,,,,,,,,,,,,,,,,,,,,,,,,
,,,,,,,,,,,,,,,,,,,,,,,,,,,,,,,
,,,,,,,,,,,,,,,,,,,,,,,,,,,,,,,
,,,,,,,,,,,,,,,,,,,,,,,,,,,,,,,
,,,,,,,,,,,,,,,,,,,,,,,,,,,,,,,
,,,,,,,,,,,,,,,,,,,,,,,,,,,,,,,
,,,,,,,,,,,,,,,,,,,,,,,,,,,,,,,
,,,,,,,,,,,,,,,,,,,,,,,,,,,,,,,
,,,,,,,,,,,,,,,,,,,,,,,,,,,,,,,
,,,,,,,,,,,,,,,,,,,,,,,,,,,,,,,
,,,,,,,,,,,,,,,,,,,,,,,,,,,,,,,
,,,,,,,,,,,,,,,,,,,,,,,,,,,,,,,
,,,,,,,,,,,,,,,,,,,,,,,,,,,,,,,
,,,,,,,,,,,,,,,,,,,,,,,,,,,,,,,
,,,,,,,,,,,,,,,,,,,,,,,,,,,,,,,
,,,,,,,,,,,,,,,,,,,,,,,,,,,,,,,
,,,,,,,,,,,,,,,,,,,,,,,,,,,,,,,
,,,,,,,,,,,,,,,,,,,,,,,,,,,,,,,
,,,,,,,,,,,,,,,,,,,,,,,,,,,,,,,
,,,,,,,,,,,,,,,,,,,,,,,,,,,,,,,
,,,,,,,,,,,,,,,,,,,,,,,,,,,,,,,
,,,,,,,,,,,,,,,,,,,,,,,,,,,,,,,
,,,,,,,,,,,,,,,,,,,,,,,,,,,,,,,
,,,,,,,,,,,,,,,,,,,,,,,,,,,,,,,
,,,,,,,,,,,,,,,,,,,,,,,,,,,,,,,
,,,,,,,,,,,,,,,,,,,,,,,,,,,,,,,
,,,,,,,,,,,,,,,,,,,,,,,,,,,,,,,
,,,,,,,,,,,,,,,,,,,,,,,,,,,,,,,
,,,,,,,,,,,,,,,,,,,,,,,,,,,,,,,
,,,,,,,,,,,,,,,,,,,,,,,,,,,,,,,
,,,,,,,,,,,,,,,,,,,,,,,,,,,,,,,
,,,,,,,,,,,,,,,,,,,,,,,,,,,,,,,
,,,,,,,,,,,,,,,,,,,,,,,,,,,,,,,
,,,,,,,,,,,,,,,,,,,,,,,,,,,,,,,
,,,,,,,,,,,,,,,,,,,,,,,,,,,,,,,
,,,,,,,,,,,,,,,,,,,,,,,,,,,,,,,
,,,,,,,,,,,,,,,,,,,,,,,,,,,,,,,
,,,,,,,,,,,,,,,,,,,,,,,,,,,,,,,
,,,,,,,,,,,,,,,,,,,,,,,,,,,,,,,
,,,,,,,,,,,,,,,,,,,,,,,,,,,,,,,
,,,,,,,,,,,,,,,,,,,,,,,,,,,,,,,
,,,,,,,,,,,,,,,,,,,,,,,,,,,,,,,
,,,,,,,,,,,,,,,,,,,,,,,,,,,,,,,
,,,,,,,,,,,,,,,,,,,,,,,,,,,,,,,
,,,,,,,,,,,,,,,,,,,,,,,,,,,,,,,
,,,,,,,,,,,,,,,,,,,,,,,,,,,,,,,
,,,,,,,,,,,,,,,,,,,,,,,,,,,,,,,
,,,,,,,,,,,,,,,,,,,,,,,,,,,,,,,
,,,,,,,,,,,,,,,,,,,,,,,,,,,,,,,
,,,,,,,,,,,,,,,,,,,,,,,,,,,,,,,
,,,,,,,,,,,,,,,,,,,,,,,,,,,,,,,
,,,,,,,,,,,,,,,,,,,,,,,,,,,,,,,
,,,,,,,,,,,,,,,,,,,,,,,,,,,,,,,
,,,,,,,,,,,,,,,,,,,,,,,,,,,,,,,
,,,,,,,,,,,,,,,,,,,,,,,,,,,,,,,
,,,,,,,,,,,,,,,,,,,,,,,,,,,,,,,
,,,,,,,,,,,,,,,,,,,,,,,,,,,,,,,
,,,,,,,,,,,,,,,,,,,,,,,,,,,,,,,
,,,,,,,,,,,,,,,,,,,,,,,,,,,,,,,
,,,,,,,,,,,,,,,,,,,,,,,,,,,,,,,
,,,,,,,,,,,,,,,,,,,,,,,,,,,,,,,
,,,,,,,,,,,,,,,,,,,,,,,,,,,,,,,
,,,,,,,,,,,,,,,,,,,,,,,,,,,,,,,
,,,,,,,,,,,,,,,,,,,,,,,,,,,,,,,
,,,,,,,,,,,,,,,,,,,,,,,,,,,,,,,
,,,,,,,,,,,,,,,,,,,,,,,,,,,,,,,
,,,,,,,,,,,,,,,,,,,,,,,,,,,,,,,
,,,,,,,,,,,,,,,,,,,,,,,,,,,,,,,
,,,,,,,,,,,,,,,,,,,,,,,,,,,,,,,
,,,,,,,,,,,,,,,,,,,,,,,,,,,,,,,
,,,,,,,,,,,,,,,,,,,,,,,,,,,,,,,
,,,,,,,,,,,,,,,,,,,,,,,,,,,,,,,
,,,,,,,,,,,,,,,,,,,,,,,,,,,,,,,
,,,,,,,,,,,,,,,,,,,,,,,,,,,,,,,
,,,,,,,,,,,,,,,,,,,,,,,,,,,,,,,
,,,,,,,,,,,,,,,,,,,,,,,,,,,,,,,
,,,,,,,,,,,,,,,,,,,,,,,,,,,,,,,
,,,,,,,,,,,,,,,,,,,,,,,,,,,,,,,
,,,,,,,,,,,,,,,,,,,,,,,,,,,,,,,
,,,,,,,,,,,,,,,,,,,,,,,,,,,,,,,
,,,,,,,,,,,,,,,,,,,,,,,,,,,,,,,
,,,,,,,,,,,,,,,,,,,,,,,,,,,,,,,
,,,,,,,,,,,,,,,,,,,,,,,,,,,,,,,
,,,,,,,,,,,,,,,,,,,,,,,,,,,,,,,
,,,,,,,,,,,,,,,,,,,,,,,,,,,,,,,
,,,,,,,,,,,,,,,,,,,,,,,,,,,,,,,
,,,,,,,,,,,,,,,,,,,,,,,,,,,,,,,
,,,,,,,,,,,,,,,,,,,,,,,,,,,,,,,
,,,,,,,,,,,,,,,,,,,,,,,,,,,,,,,
,,,,,,,,,,,,,,,,,,,,,,,,,,,,,,,
,,,,,,,,,,,,,,,,,,,,,,,,,,,,,,,
,,,,,,,,,,,,,,,,,,,,,,,,,,,,,,,
,,,,,,,,,,,,,,,,,,,,,,,,,,,,,,,
,,,,,,,,,,,,,,,,,,,,,,,,,,,,,,,
,,,,,,,,,,,,,,,,,,,,,,,,,,,,,,,
,,,,,,,,,,,,,,,,,,,,,,,,,,,,,,,
,,,,,,,,,,,,,,,,,,,,,,,,,,,,,,,
,,,,,,,,,,,,,,,,,,,,,,,,,,,,,,,
,,,,,,,,,,,,,,,,,,,,,,,,,,,,,,,
,,,,,,,,,,,,,,,,,,,,,,,,,,,,,,,
,,,,,,,,,,,,,,,,,,,,,,,,,,,,,,,
,,,,,,,,,,,,,,,,,,,,,,,,,,,,,,,
,,,,,,,,,,,,,,,,,,,,,,,,,,,,,,,
,,,,,,,,,,,,,,,,,,,,,,,,,,,,,,,
,,,,,,,,,,,,,,,,,,,,,,,,,,,,,,,
,,,,,,,,,,,,,,,,,,,,,,,,,,,,,,,
,,,,,,,,,,,,,,,,,,,,,,,,,,,,,,,
,,,,,,,,,,,,,,,,,,,,,,,,,,,,,,,
,,,,,,,,,,,,,,,,,,,,,,,,,,,,,,,
,,,,,,,,,,,,,,,,,,,,,,,,,,,,,,,
,,,,,,,,,,,,,,,,,,,,,,,,,,,,,,,
,,,,,,,,,,,,,,,,,,,,,,,,,,,,,,,
,,,,,,,,,,,,,,,,,,,,,,,,,,,,,,,
,,,,,,,,,,,,,,,,,,,,,,,,,,,,,,,
,,,,,,,,,,,,,,,,,,,,,,,,,,,,,,,
,,,,,,,,,,,,,,,,,,,,,,,,,,,,,,,
,,,,,,,,,,,,,,,,,,,,,,,,,,,,,,,
,,,,,,,,,,,,,,,,,,,,,,,,,,,,,,,
,,,,,,,,,,,,,,,,,,,,,,,,,,,,,,,
,,,,,,,,,,,,,,,,,,,,,,,,,,,,,,,
,,,,,,,,,,,,,,,,,,,,,,,,,,,,,,,
,,,,,,,,,,,,,,,,,,,,,,,,,,,,,,,
,,,,,,,,,,,,,,,,,,,,,,,,,,,,,,,
,,,,,,,,,,,,,,,,,,,,,,,,,,,,,,,
,,,,,,,,,,,,,,,,,,,,,,,,,,,,,,,
,,,,,,,,,,,,,,,,,,,,,,,,,,,,,,,
,,,,,,,,,,,,,,,,,,,,,,,,,,,,,,,
,,,,,,,,,,,,,,,,,,,,,,,,,,,,,,,
,,,,,,,,,,,,,,,,,,,,,,,,,,,,,,,
,,,,,,,,,,,,,,,,,,,,,,,,,,,,,,,
,,,,,,,,,,,,,,,,,,,,,,,,,,,,,,,
,,,,,,,,,,,,,,,,,,,,,,,,,,,,,,,
,,,,,,,,,,,,,,,,,,,,,,,,,,,,,,,
,,,,,,,,,,,,,,,,,,,,,,,,,,,,,,,
,,,,,,,,,,,,,,,,,,,,,,,,,,,,,,,
,,,,,,,,,,,,,,,,,,,,,,,,,,,,,,,
,,,,,,,,,,,,,,,,,,,,,,,,,,,,,,,
,,,,,,,,,,,,,,,,,,,,,,,,,,,,,,,
,,,,,,,,,,,,,,,,,,,,,,,,,,,,,,,
,,,,,,,,,,,,,,,,,,,,,,,,,,,,,,,
,,,,,,,,,,,,,,,,,,,,,,,,,,,,,,,
,,,,,,,,,,,,,,,,,,,,,,,,,,,,,,,
,,,,,,,,,,,,,,,,,,,,,,,,,,,,,,,
,,,,,,,,,,,,,,,,,,,,,,,,,,,,,,,
,,,,,,,,,,,,,,,,,,,,,,,,,,,,,,,
,,,,,,,,,,,,,,,,,,,,,,,,,,,,,,,
,,,,,,,,,,,,,,,,,,,,,,,,,,,,,,,
,,,,,,,,,,,,,,,,,,,,,,,,,,,,,,,
,,,,,,,,,,,,,,,,,,,,,,,,,,,,,,,
,,,,,,,,,,,,,,,,,,,,,,,,,,,,,,,
,,,,,,,,,,,,,,,,,,,,,,,,,,,,,,,
,,,,,,,,,,,,,,,,,,,,,,,,,,,,,,,
,,,,,,,,,,,,,,,,,,,,,,,,,,,,,,,
,,,,,,,,,,,,,,,,,,,,,,,,,,,,,,,
,,,,,,,,,,,,,,,,,,,,,,,,,,,,,,,
,,,,,,,,,,,,,,,,,,,,,,,,,,,,,,,
,,,,,,,,,,,,,,,,,,,,,,,,,,,,,,,
,,,,,,,,,,,,,,,,,,,,,,,,,,,,,,,
,,,,,,,,,,,,,,,,,,,,,,,,,,,,,,,
,,,,,,,,,,,,,,,,,,,,,,,,,,,,,,,
,,,,,,,,,,,,,,,,,,,,,,,,,,,,,,,
,,,,,,,,,,,,,,,,,,,,,,,,,,,,,,,
,,,,,,,,,,,,,,,,,,,,,,,,,,,,,,,
,,,,,,,,,,,,,,,,,,,,,,,,,,,,,,,
,,,,,,,,,,,,,,,,,,,,,,,,,,,,,,,
,,,,,,,,,,,,,,,,,,,,,,,,,,,,,,,
,,,,,,,,,,,,,,,,,,,,,,,,,,,,,,,
,,,,,,,,,,,,,,,,,,,,,,,,,,,,,,,
,,,,,,,,,,,,,,,,,,,,,,,,,,,,,,,
,,,,,,,,,,,,,,,,,,,,,,,,,,,,,,,
,,,,,,,,,,,,,,,,,,,,,,,,,,,,,,,
,,,,,,,,,,,,,,,,,,,,,,,,,,,,,,,
,,,,,,,,,,,,,,,,,,,,,,,,,,,,,,,
,,,,,,,,,,,,,,,,,,,,,,,,,,,,,,,
,,,,,,,,,,,,,,,,,,,,,,,,,,,,,,,
,,,,,,,,,,,,,,,,,,,,,,,,,,,,,,,
,,,,,,,,,,,,,,,,,,,,,,,,,,,,,,,
,,,,,,,,,,,,,,,,,,,,,,,,,,,,,,,
,,,,,,,,,,,,,,,,,,,,,,,,,,,,,,,
,,,,,,,,,,,,,,,,,,,,,,,,,,,,,,,
,,,,,,,,,,,,,,,,,,,,,,,,,,,,,,,
,,,,,,,,,,,,,,,,,,,,,,,,,,,,,,,
,,,,,,,,,,,,,,,,,,,,,,,,,,,,,,,
,,,,,,,,,,,,,,,,,,,,,,,,,,,,,,,
,,,,,,,,,,,,,,,,,,,,,,,,,,,,,,,
,,,,,,,,,,,,,,,,,,,,,,,,,,,,,,,
,,,,,,,,,,,,,,,,,,,,,,,,,,,,,,,
,,,,,,,,,,,,,,,,,,,,,,,,,,,,,,,
,,,,,,,,,,,,,,,,,,,,,,,,,,,,,,,
,,,,,,,,,,,,,,,,,,,,,,,,,,,,,,,
,,,,,,,,,,,,,,,,,,,,,,,,,,,,,,,
,,,,,,,,,,,,,,,,,,,,,,,,,,,,,,,
,,,,,,,,,,,,,,,,,,,,,,,,,,,,,,,
,,,,,,,,,,,,,,,,,,,,,,,,,,,,,,,
,,,,,,,,,,,,,,,,,,,,,,,,,,,,,,,
,,,,,,,,,,,,,,,,,,,,,,,,,,,,,,,
,,,,,,,,,,,,,,,,,,,,,,,,,,,,,,,
,,,,,,,,,,,,,,,,,,,,,,,,,,,,,,,
,,,,,,,,,,,,,,,,,,,,,,,,,,,,,,,
,,,,,,,,,,,,,,,,,,,,,,,,,,,,,,,
,,,,,,,,,,,,,,,,,,,,,,,,,,,,,,,
,,,,,,,,,,,,,,,,,,,,,,,,,,,,,,,
,,,,,,,,,,,,,,,,,,,,,,,,,,,,,,,
,,,,,,,,,,,,,,,,,,,,,,,,,,,,,,,
,,,,,,,,,,,,,,,,,,,,,,,,,,,,,,,
,,,,,,,,,,,,,,,,,,,,,,,,,,,,,,,
,,,,,,,,,,,,,,,,,,,,,,,,,,,,,,,
,,,,,,,,,,,,,,,,,,,,,,,,,,,,,,,
,,,,,,,,,,,,,,,,,,,,,,,,,,,,,,,
,,,,,,,,,,,,,,,,,,,,,,,,,,,,,,,
,,,,,,,,,,,,,,,,,,,,,,,,,,,,,,,
,,,,,,,,,,,,,,,,,,,,,,,,,,,,,,,
,,,,,,,,,,,,,,,,,,,,,,,,,,,,,,,
,,,,,,,,,,,,,,,,,,,,,,,,,,,,,,,
,,,,,,,,,,,,,,,,,,,,,,,,,,,,,,,
,,,,,,,,,,,,,,,,,,,,,,,,,,,,,,,
,,,,,,,,,,,,,,,,,,,,,,,,,,,,,,,
,,,,,,,,,,,,,,,,,,,,,,,,,,,,,,,
,,,,,,,,,,,,,,,,,,,,,,,,,,,,,,,
,,,,,,,,,,,,,,,,,,,,,,,,,,,,,,,
,,,,,,,,,,,,,,,,,,,,,,,,,,,,,,,
,,,,,,,,,,,,,,,,,,,,,,,,,,,,,,,
,,,,,,,,,,,,,,,,,,,,,,,,,,,,,,,
,,,,,,,,,,,,,,,,,,,,,,,,,,,,,,,
,,,,,,,,,,,,,,,,,,,,,,,,,,,,,,,
,,,,,,,,,,,,,,,,,,,,,,,,,,,,,,,
,,,,,,,,,,,,,,,,,,,,,,,,,,,,,,,
,,,,,,,,,,,,,,,,,,,,,,,,,,,,,,,
,,,,,,,,,,,,,,,,,,,,,,,,,,,,,,,
,,,,,,,,,,,,,,,,,,,,,,,,,,,,,,,
,,,,,,,,,,,,,,,,,,,,,,,,,,,,,,,
,,,,,,,,,,,,,,,,,,,,,,,,,,,,,,,
,,,,,,,,,,,,,,,,,,,,,,,,,,,,,,,
,,,,,,,,,,,,,,,,,,,,,,,,,,,,,,,
,,,,,,,,,,,,,,,,,,,,,,,,,,,,,,,
,,,,,,,,,,,,,,,,,,,,,,,,,,,,,,,
,,,,,,,,,,,,,,,,,,,,,,,,,,,,,,,
,,,,,,,,,,,,,,,,,,,,,,,,,,,,,,,
,,,,,,,,,,,,,,,,,,,,,,,,,,,,,,,
,,,,,,,,,,,,,,,,,,,,,,,,,,,,,,,
,,,,,,,,,,,,,,,,,,,,,,,,,,,,,,,
,,,,,,,,,,,,,,,,,,,,,,,,,,,,,,,
,,,,,,,,,,,,,,,,,,,,,,,,,,,,,,,
,,,,,,,,,,,,,,,,,,,,,,,,,,,,,,,
,,,,,,,,,,,,,,,,,,,,,,,,,,,,,,,
,,,,,,,,,,,,,,,,,,,,,,,,,,,,,,,
,,,,,,,,,,,,,,,,,,,,,,,,,,,,,,,
,,,,,,,,,,,,,,,,,,,,,,,,,,,,,,,
,,,,,,,,,,,,,,,,,,,,,,,,,,,,,,,
,,,,,,,,,,,,,,,,,,,,,,,,,,,,,,,
,,,,,,,,,,,,,,,,,,,,,,,,,,,,,,,
,,,,,,,,,,,,,,,,,,,,,,,,,,,,,,,
,,,,,,,,,,,,,,,,,,,,,,,,,,,,,,,
,,,,,,,,,,,,,,,,,,,,,,,,,,,,,,,
,,,,,,,,,,,,,,,,,,,,,,,,,,,,,,,
,,,,,,,,,,,,,,,,,,,,,,,,,,,,,,,
,,,,,,,,,,,,,,,,,,,,,,,,,,,,,,,
,,,,,,,,,,,,,,,,,,,,,,,,,,,,,,,
,,,,,,,,,,,,,,,,,,,,,,,,,,,,,,,
,,,,,,,,,,,,,,,,,,,,,,,,,,,,,,,
,,,,,,,,,,,,,,,,,,,,,,,,,,,,,,,
,,,,,,,,,,,,,,,,,,,,,,,,,,,,,,,
,,,,,,,,,,,,,,,,,,,,,,,,,,,,,,,
,,,,,,,,,,,,,,,,,,,,,,,,,,,,,,,
,,,,,,,,,,,,,,,,,,,,,,,,,,,,,,,
,,,,,,,,,,,,,,,,,,,,,,,,,,,,,,,
,,,,,,,,,,,,,,,,,,,,,,,,,,,,,,,
,,,,,,,,,,,,,,,,,,,,,,,,,,,,,,,
,,,,,,,,,,,,,,,,,,,,,,,,,,,,,,,
,,,,,,,,,,,,,,,,,,,,,,,,,,,,,,,
,,,,,,,,,,,,,,,,,,,,,,,,,,,,,,,
,,,,,,,,,,,,,,,,,,,,,,,,,,,,,,,
,,,,,,,,,,,,,,,,,,,,,,,,,,,,,,,
,,,,,,,,,,,,,,,,,,,,,,,,,,,,,,,
,,,,,,,,,,,,,,,,,,,,,,,,,,,,,,,
,,,,,,,,,,,,,,,,,,,,,,,,,,,,,,,
,,,,,,,,,,,,,,,,,,,,,,,,,,,,,,,
,,,,,,,,,,,,,,,,,,,,,,,,,,,,,,,
,,,,,,,,,,,,,,,,,,,,,,,,,,,,,,,
,,,,,,,,,,,,,,,,,,,,,,,,,,,,,,,
,,,,,,,,,,,,,,,,,,,,,,,,,,,,,,,
,,,,,,,,,,,,,,,,,,,,,,,,,,,,,,,
,,,,,,,,,,,,,,,,,,,,,,,,,,,,,,,
,,,,,,,,,,,,,,,,,,,,,,,,,,,,,,,
,,,,,,,,,,,,,,,,,,,,,,,,,,,,,,,
,,,,,,,,,,,,,,,,,,,,,,,,,,,,,,,
,,,,,,,,,,,,,,,,,,,,,,,,,,,,,,,
,,,,,,,,,,,,,,,,,,,,,,,,,,,,,,,
,,,,,,,,,,,,,,,,,,,,,,,,,,,,,,,
,,,,,,,,,,,,,,,,,,,,,,,,,,,,,,,
,,,,,,,,,,,,,,,,,,,,,,,,,,,,,,,
,,,,,,,,,,,,,,,,,,,,,,,,,,,,,,,
,,,,,,,,,,,,,,,,,,,,,,,,,,,,,,,
,,,,,,,,,,,,,,,,,,,,,,,,,,,,,,,
,,,,,,,,,,,,,,,,,,,,,,,,,,,,,,,
,,,,,,,,,,,,,,,,,,,,,,,,,,,,,,,
,,,,,,,,,,,,,,,,,,,,,,,,,,,,,,,
,,,,,,,,,,,,,,,,,,,,,,,,,,,,,,,
,,,,,,,,,,,,,,,,,,,,,,,,,,,,,,,
,,,,,,,,,,,,,,,,,,,,,,,,,,,,,,,
,,,,,,,,,,,,,,,,,,,,,,,,,,,,,,,
,,,,,,,,,,,,,,,,,,,,,,,,,,,,,,,
,,,,,,,,,,,,,,,,,,,,,,,,,,,,,,,
,,,,,,,,,,,,,,,,,,,,,,,,,,,,,,,
,,,,,,,,,,,,,,,,,,,,,,,,,,,,,,,
,,,,,,,,,,,,,,,,,,,,,,,,,,,,,,,
,,,,,,,,,,,,,,,,,,,,,,,,,,,,,,,
,,,,,,,,,,,,,,,,,,,,,,,,,,,,,,,
,,,,,,,,,,,,,,,,,,,,,,,,,,,,,,,
,,,,,,,,,,,,,,,,,,,,,,,,,,,,,,,
,,,,,,,,,,,,,,,,,,,,,,,,,,,,,,,
,,,,,,,,,,,,,,,,,,,,,,,,,,,,,,,
,,,,,,,,,,,,,,,,,,,,,,,,,,,,,,,
,,,,,,,,,,,,,,,,,,,,,,,,,,,,,,,
,,,,,,,,,,,,,,,,,,,,,,,,,,,,,,,
,,,,,,,,,,,,,,,,,,,,,,,,,,,,,,,
,,,,,,,,,,,,,,,,,,,,,,,,,,,,,,,
,,,,,,,,,,,,,,,,,,,,,,,,,,,,,,,
,,,,,,,,,,,,,,,,,,,,,,,,,,,,,,,
